/*
 Navicat Premium Data Transfer

 Source Server         : 本机Mysql数据库
 Source Server Type    : MySQL
 Source Server Version : 50720
 Source Host           : localhost:3306
 Source Schema         : xiaobaidu

 Target Server Type    : MySQL
 Target Server Version : 50720
 File Encoding         : 65001

 Date: 26/01/2018 10:12:22
*/

SET NAMES utf8mb4;
SET FOREIGN_KEY_CHECKS = 0;

-- ----------------------------
-- Table structure for Author
-- ----------------------------
DROP TABLE IF EXISTS `Author`;
CREATE TABLE `Author` (
  `id` int(11) NOT NULL AUTO_INCREMENT,
  `user_id` int(11) NOT NULL,
  `user_name` varchar(20) COLLATE utf8_croatian_ci NOT NULL,
  `novel_name` varchar(50) COLLATE utf8_croatian_ci NOT NULL,
  `novel_id` int(11) NOT NULL,
  `novel_time` datetime(6) NOT NULL,
  PRIMARY KEY (`id`)
) ENGINE=InnoDB DEFAULT CHARSET=utf8 COLLATE=utf8_croatian_ci;

-- ----------------------------
-- Table structure for Channel
-- ----------------------------
DROP TABLE IF EXISTS `Channel`;
CREATE TABLE `Channel` (
  `id` int(11) NOT NULL AUTO_INCREMENT,
  `channel_name` varchar(20) COLLATE utf8_croatian_ci NOT NULL,
  PRIMARY KEY (`id`)
) ENGINE=InnoDB AUTO_INCREMENT=3 DEFAULT CHARSET=utf8 COLLATE=utf8_croatian_ci;

-- ----------------------------
-- Records of Channel
-- ----------------------------
BEGIN;
INSERT INTO `Channel` VALUES (1, '男生');
INSERT INTO `Channel` VALUES (2, '女生');
COMMIT;

-- ----------------------------
-- Table structure for Collections
-- ----------------------------
DROP TABLE IF EXISTS `Collections`;
CREATE TABLE `Collections` (
  `id` int(11) NOT NULL AUTO_INCREMENT,
  `novel_time` datetime(6) NOT NULL,
  `novel_name` int(11) NOT NULL,
  `user_name` int(11) NOT NULL,
  PRIMARY KEY (`id`)
) ENGINE=InnoDB AUTO_INCREMENT=308 DEFAULT CHARSET=utf8 COLLATE=utf8_croatian_ci;

-- ----------------------------
-- Records of Collections
-- ----------------------------
BEGIN;
INSERT INTO `Collections` VALUES (277, '2018-01-10 16:31:39.530798', 11, 2);
INSERT INTO `Collections` VALUES (301, '2018-01-13 14:31:23.376769', 58, 1);
COMMIT;

-- ----------------------------
-- Table structure for CommentModels
-- ----------------------------
DROP TABLE IF EXISTS `CommentModels`;
CREATE TABLE `CommentModels` (
  `id` int(11) NOT NULL AUTO_INCREMENT,
  `user_id_id` int(11) NOT NULL,
  `book_id_id` int(11) NOT NULL,
  `comment` varchar(200) COLLATE utf8_croatian_ci NOT NULL,
  `comment_data` datetime(6),
  `commtitle` varchar(20) COLLATE utf8_croatian_ci NOT NULL,
  PRIMARY KEY (`id`),
  KEY `CommentModels_book_id_id_6badf576` (`book_id_id`),
  KEY `CommentModels_user_id_id_36e5cee1` (`user_id_id`),
  CONSTRAINT `CommentModels_book_id_id_6badf576_fk_NovelModel_id` FOREIGN KEY (`book_id_id`) REFERENCES `NovelModel` (`id`),
  CONSTRAINT `CommentModels_user_id_id_36e5cee1_fk_users_userprofile_id` FOREIGN KEY (`user_id_id`) REFERENCES `users_userprofile` (`id`)
) ENGINE=InnoDB AUTO_INCREMENT=44 DEFAULT CHARSET=utf8 COLLATE=utf8_croatian_ci;

-- ----------------------------
-- Records of CommentModels
-- ----------------------------
BEGIN;
INSERT INTO `CommentModels` VALUES (6, 1, 2, '11111111', '2018-01-10 15:52:33.223989', '');
INSERT INTO `CommentModels` VALUES (7, 1, 5, '1111111', '2018-01-10 15:56:41.778168', '');
INSERT INTO `CommentModels` VALUES (8, 1, 2, '1111111111', '2018-01-10 16:09:07.083897', '');
INSERT INTO `CommentModels` VALUES (9, 1, 2, '111111111', '2018-01-10 16:10:23.876860', '');
INSERT INTO `CommentModels` VALUES (10, 1, 2, '2222222222', '2018-01-10 16:15:15.442428', '11111111');
INSERT INTO `CommentModels` VALUES (11, 2, 2, '全是他妈妈P的扯淡', '2018-01-10 16:20:28.633259', '看完后的心里感想');
INSERT INTO `CommentModels` VALUES (12, 1, 2, '我要开车了，老司机快打卡啦', '2018-01-10 16:30:32.271728', '我是陈冠佑');
INSERT INTO `CommentModels` VALUES (13, 1, 2, '今天开什么车', '2018-01-10 16:57:17.469321', '开车带不带我');
INSERT INTO `CommentModels` VALUES (14, 1, 2, '表情', '2018-01-10 17:48:56.347306', '测试一下');
INSERT INTO `CommentModels` VALUES (15, 1, 2, '测试评论权限测试评论权限测试评论权限测试评论权限测试评论权限测试评论权限测试评论权限测试评论权限测试评论权限测试评论权限测试评论权限测试评论权限测试评论权限', '2018-01-10 18:12:51.934392', '测试评论权限');
INSERT INTO `CommentModels` VALUES (16, 1, 2, '1', '2018-01-10 18:26:12.705344', '1');
INSERT INTO `CommentModels` VALUES (17, 1, 2, '操', '2018-01-10 20:19:28.407473', '哈哈哈哈哈哈哈或或或');
INSERT INTO `CommentModels` VALUES (18, 1, 2, '哈\n》\n穷逼', '2018-01-10 20:24:56.060201', 'TEST');
INSERT INTO `CommentModels` VALUES (19, 1, 2, '<>', '2018-01-10 20:25:11.132562', '1');
INSERT INTO `CommentModels` VALUES (20, 1, 2, '演示评论11111111111，，，，，，，，，，，，，开车了', '2018-01-10 20:40:54.786687', '演示评论标题');
INSERT INTO `CommentModels` VALUES (21, 1, 2, '评论', '2018-01-10 21:55:57.006519', '11111111111');
INSERT INTO `CommentModels` VALUES (22, 1, 6, '111111111111111', '2018-01-10 22:41:36.364160', '11111111111');
INSERT INTO `CommentModels` VALUES (23, 1, 8, '哈哈哈哈哈哈哈或或或或', '2018-01-10 23:46:47.374124', '看后的感谢');
INSERT INTO `CommentModels` VALUES (24, 1, 10, '1111111111111111', '2018-01-11 13:54:12.471915', '1111111111');
INSERT INTO `CommentModels` VALUES (25, 2, 2, '评论测试Ajax异步加载', '2018-01-11 20:57:45.938776', '评论的标题');
INSERT INTO `CommentModels` VALUES (26, 1, 2, '111111111111', '2018-01-11 21:06:24.924687', '1111111111');
INSERT INTO `CommentModels` VALUES (27, 1, 2, ';;;;;;;;;;;;;;;;;;;;;;;;;;;;;', '2018-01-11 22:34:29.176851', '\'\'\'\'\'\'\'\'\'\'\'\'\'\'\'\'');
INSERT INTO `CommentModels` VALUES (28, 1, 2, '111111111111111', '2018-01-11 22:34:41.899588', '1111111111111');
INSERT INTO `CommentModels` VALUES (29, 1, 2, '测试AJAX评论功能！！！！！！！！！！！！！！！！！！！！！！！', '2018-01-11 22:37:27.622712', '测试Ajax');
INSERT INTO `CommentModels` VALUES (30, 1, 16, '开车啦', '2018-01-16 21:34:56.806587', '亚嘤嘤嘤');
INSERT INTO `CommentModels` VALUES (31, 1, 3, '111111111', '2018-01-16 21:40:59.857171', '11111111111111');
INSERT INTO `CommentModels` VALUES (32, 1, 3, '11111111', '2018-01-16 21:41:14.073966', '111111111111');
INSERT INTO `CommentModels` VALUES (33, 1, 3, 'hhhh', '2018-01-16 21:43:32.948656', '111111111');
INSERT INTO `CommentModels` VALUES (34, 1, 3, '1111111111', '2018-01-16 21:44:13.096240', '11111111111111');
INSERT INTO `CommentModels` VALUES (35, 1, 3, '1111111111111', '2018-01-16 21:45:06.657053', '111111111');
INSERT INTO `CommentModels` VALUES (36, 1, 3, '222222222222', '2018-01-16 21:45:29.275059', '22222222');
INSERT INTO `CommentModels` VALUES (37, 1, 3, '111111111111', '2018-01-16 21:49:07.073800', '111111');
INSERT INTO `CommentModels` VALUES (38, 1, 3, '111111111111', '2018-01-16 21:49:15.277406', '111111111');
INSERT INTO `CommentModels` VALUES (39, 1, 2, '22222222', '2018-01-16 21:49:52.457574', '11111111');
INSERT INTO `CommentModels` VALUES (40, 1, 2, '少时诵诗书所所所所所', '2018-01-16 21:49:59.010625', '的点点滴滴');
INSERT INTO `CommentModels` VALUES (41, 1, 18, '111111111111', '2018-01-16 21:52:47.371995', '111111111');
INSERT INTO `CommentModels` VALUES (42, 1, 16, '11111111111', '2018-01-16 22:01:21.825304', '11111111');
INSERT INTO `CommentModels` VALUES (43, 1, 13, '11111111111', '2018-01-16 22:07:41.489612', '11111111');
COMMIT;

-- ----------------------------
-- Table structure for EmailVerifyRecord
-- ----------------------------
DROP TABLE IF EXISTS `EmailVerifyRecord`;
CREATE TABLE `EmailVerifyRecord` (
  `id` int(11) NOT NULL AUTO_INCREMENT,
  `code` varchar(20) COLLATE utf8_croatian_ci NOT NULL,
  `email` varchar(50) COLLATE utf8_croatian_ci NOT NULL,
  `is_sx` int(11) NOT NULL,
  `send_type` varchar(20) COLLATE utf8_croatian_ci NOT NULL,
  `send_time` datetime(6) NOT NULL,
  PRIMARY KEY (`id`)
) ENGINE=InnoDB AUTO_INCREMENT=3 DEFAULT CHARSET=utf8 COLLATE=utf8_croatian_ci;

-- ----------------------------
-- Records of EmailVerifyRecord
-- ----------------------------
BEGIN;
INSERT INTO `EmailVerifyRecord` VALUES (1, 'oJUsaxembCdyKqQ5', 'btmeiju@126.com', 0, 'register', '2018-01-08 22:38:48.032687');
INSERT INTO `EmailVerifyRecord` VALUES (2, '8QSQl', '18611662860@126.com', 0, 'upload_email', '2018-01-10 23:08:05.034837');
COMMIT;

-- ----------------------------
-- Table structure for IndexAdView
-- ----------------------------
DROP TABLE IF EXISTS `IndexAdView`;
CREATE TABLE `IndexAdView` (
  `id` int(11) NOT NULL AUTO_INCREMENT,
  `adTitle` varchar(20) COLLATE utf8_croatian_ci NOT NULL,
  `adImage` varchar(100) COLLATE utf8_croatian_ci DEFAULT NULL,
  `adText` varchar(100) COLLATE utf8_croatian_ci NOT NULL,
  `addtime` time(6) NOT NULL,
  `adUrl` varchar(100) COLLATE utf8_croatian_ci NOT NULL,
  PRIMARY KEY (`id`)
) ENGINE=InnoDB AUTO_INCREMENT=2 DEFAULT CHARSET=utf8 COLLATE=utf8_croatian_ci;

-- ----------------------------
-- Records of IndexAdView
-- ----------------------------
BEGIN;
INSERT INTO `IndexAdView` VALUES (1, '小白读书', 'addimg/2018/01/fuli2017.jpg', '广告的简介', '12:24:00.000000', 'http://127.0.0.1:8000/');
COMMIT;

-- ----------------------------
-- Table structure for IndexNovel
-- ----------------------------
DROP TABLE IF EXISTS `IndexNovel`;
CREATE TABLE `IndexNovel` (
  `id` int(11) NOT NULL AUTO_INCREMENT,
  `title` varchar(10) COLLATE utf8_croatian_ci NOT NULL,
  `novel_image` varchar(100) COLLATE utf8_croatian_ci DEFAULT NULL,
  `addtime` date NOT NULL,
  `novel_id` int(11) NOT NULL,
  PRIMARY KEY (`id`),
  KEY `IndexNovel_novel_id_2fdaeb6a_fk_NovelModel_id` (`novel_id`),
  CONSTRAINT `IndexNovel_novel_id_2fdaeb6a_fk_NovelModel_id` FOREIGN KEY (`novel_id`) REFERENCES `NovelModel` (`id`)
) ENGINE=InnoDB AUTO_INCREMENT=3 DEFAULT CHARSET=utf8 COLLATE=utf8_croatian_ci;

-- ----------------------------
-- Records of IndexNovel
-- ----------------------------
BEGIN;
INSERT INTO `IndexNovel` VALUES (1, '测试横幅幻灯片', 'tuiimg/2018/01/220802.jpg', '2018-01-12', 5);
INSERT INTO `IndexNovel` VALUES (2, '测试横幅幻灯片1', 'tuiimg/2018/01/226055.jpg', '2018-01-12', 8);
COMMIT;

-- ----------------------------
-- Table structure for Messages
-- ----------------------------
DROP TABLE IF EXISTS `Messages`;
CREATE TABLE `Messages` (
  `id` int(11) NOT NULL AUTO_INCREMENT,
  `user_name` int(11) NOT NULL,
  `mess_title` varchar(30) COLLATE utf8_croatian_ci NOT NULL,
  `mess_text` varchar(100) COLLATE utf8_croatian_ci NOT NULL,
  `mess_time` datetime(6) NOT NULL,
  PRIMARY KEY (`id`)
) ENGINE=InnoDB AUTO_INCREMENT=5 DEFAULT CHARSET=utf8 COLLATE=utf8_croatian_ci;

-- ----------------------------
-- Records of Messages
-- ----------------------------
BEGIN;
INSERT INTO `Messages` VALUES (1, 2, '账号注册成功', '亲爱的陈爸爸,欢迎注册小白读书网会员，在这里和大家一起读书交流吧！', '2018-01-08 22:38:52.729005');
INSERT INTO `Messages` VALUES (2, 2, '账号激活成功', '亲爱的陈爸爸,您的会员账号已经成功激活，接下来就尽情的乐吧！', '2018-01-08 22:39:10.063218');
INSERT INTO `Messages` VALUES (3, 1, '消息名称', '消息内容', '2018-01-10 23:04:48.000000');
INSERT INTO `Messages` VALUES (4, 1, '消息名称1', '消息内容1', '2018-01-10 23:05:30.000000');
COMMIT;

-- ----------------------------
-- Table structure for NovelChaPter
-- ----------------------------
DROP TABLE IF EXISTS `NovelChaPter`;
CREATE TABLE `NovelChaPter` (
  `id` int(11) NOT NULL AUTO_INCREMENT,
  `novelchapter_name` varchar(30) COLLATE utf8_croatian_ci NOT NULL,
  `novelchapter_text` longtext COLLATE utf8_croatian_ci NOT NULL,
  `novelchapter_time` datetime(6) NOT NULL,
  `novelchapter_cover_id` int(11) NOT NULL,
  `novelchapter_num` int(11) NOT NULL,
  PRIMARY KEY (`id`),
  KEY `NovelChaPter_novelchapter_cover_id_f316a6b5_fk_NovelModel_id` (`novelchapter_cover_id`),
  CONSTRAINT `NovelChaPter_novelchapter_cover_id_f316a6b5_fk_NovelModel_id` FOREIGN KEY (`novelchapter_cover_id`) REFERENCES `NovelModel` (`id`)
) ENGINE=InnoDB AUTO_INCREMENT=31 DEFAULT CHARSET=utf8 COLLATE=utf8_croatian_ci;

-- ----------------------------
-- Records of NovelChaPter
-- ----------------------------
BEGIN;
INSERT INTO `NovelChaPter` VALUES (2, '姐姐带我去嫖娼', '姐姐带我去嫖娼姐姐带我去嫖娼姐姐带我去嫖娼姐姐带我去嫖娼姐姐带我去嫖娼姐姐带我去嫖娼姐姐带我去嫖娼姐姐带我去嫖娼姐姐带我去嫖娼姐姐带我去嫖娼姐姐带我去嫖娼姐姐带我去嫖娼姐姐带我去嫖娼姐姐带我去嫖娼姐姐带我去嫖娼姐姐带我去嫖娼姐姐带我去嫖娼姐姐带我去嫖娼姐姐带我去嫖娼姐姐带我去嫖娼姐姐带我去嫖娼姐姐带我去嫖娼姐姐带我去嫖娼姐姐带我去嫖娼姐姐带我去嫖娼姐姐带我去嫖娼姐姐带我去嫖娼姐姐带我去嫖娼姐姐带我去嫖娼姐姐带我去嫖娼姐姐带我去嫖娼姐姐带我去嫖娼姐姐带我去嫖娼姐姐带我去嫖娼姐姐带我去嫖娼姐姐带我去嫖娼姐姐带我去嫖娼姐姐带我去嫖娼姐姐带我去嫖娼姐姐带我去嫖娼姐姐带我去嫖娼姐姐带我去嫖娼姐姐带我去嫖娼姐姐带我去嫖娼姐姐带我去嫖娼姐姐带我去嫖娼姐姐带我去嫖娼姐姐带我去嫖娼姐姐带我去嫖娼姐姐带我去嫖娼姐姐带我去嫖娼姐姐带我去嫖娼姐姐带我去嫖娼姐姐带我去嫖娼姐姐带我去嫖娼姐姐带我去嫖娼姐姐带我去嫖娼姐姐带我去嫖娼姐姐带我去嫖娼姐姐带我去嫖娼姐姐带我去嫖娼姐姐带我去嫖娼姐姐带我去嫖娼姐姐带我去嫖娼姐姐带我去嫖娼姐姐带我去嫖娼姐姐带我去嫖娼姐姐带我去嫖娼姐姐带我去嫖娼姐姐带我去嫖娼姐姐带我去嫖娼姐姐带我去嫖娼姐姐带我去嫖娼姐姐带我去嫖娼姐姐带我去嫖娼姐姐带我去嫖娼姐姐带我去嫖娼姐姐带我去嫖娼姐姐带我去嫖娼姐姐带我去嫖娼姐姐带我去嫖娼姐姐带我去嫖娼姐姐带我去嫖娼姐姐带我去嫖娼姐姐带我去嫖娼姐姐带我去嫖娼姐姐带我去嫖娼姐姐带我去嫖娼姐姐带我去嫖娼姐姐带我去嫖娼姐姐带我去嫖娼姐姐带我去嫖娼姐姐带我去嫖娼姐姐带我去嫖娼姐姐带我去嫖娼姐姐带我去嫖娼姐姐带我去嫖娼姐姐带我去嫖娼姐姐带我去嫖娼姐姐带我去嫖娼姐姐带我去嫖娼姐姐带我去嫖娼姐姐带我去嫖娼姐姐带我去嫖娼姐姐带我去嫖娼姐姐带我去嫖娼姐姐带我去嫖娼姐姐带我去嫖娼姐姐带我去嫖娼姐姐带我去嫖娼姐姐带我去嫖娼姐姐带我去嫖娼姐姐带我去嫖娼姐姐带我去嫖娼姐姐带我去嫖娼姐姐带我去嫖娼姐姐带我去嫖娼姐姐带我去嫖娼姐姐带我去嫖娼姐姐带我去嫖娼姐姐带我去嫖娼姐姐带我去嫖娼姐姐带我去嫖娼姐姐带我去嫖娼姐姐带我去嫖娼姐姐带我去嫖娼姐姐带我去嫖娼姐姐带我去嫖娼姐姐带我去嫖娼姐姐带我去嫖娼姐姐带我去嫖娼姐姐带我去嫖娼姐姐带我去嫖娼姐姐带我去嫖娼姐姐带我去嫖娼姐姐带我去嫖娼姐姐带我去嫖娼姐姐带我去嫖娼姐姐带我去嫖娼姐姐带我去嫖娼姐姐带我去嫖娼姐姐带我去嫖娼姐姐带我去嫖娼姐姐带我去嫖娼姐姐带我去嫖娼姐姐带我去嫖娼姐姐带我去嫖娼姐姐带我去嫖娼姐姐带我去嫖娼姐姐带我去嫖娼姐姐带我去嫖娼姐姐带我去嫖娼姐姐带我去嫖娼姐姐带我去嫖娼姐姐带我去嫖娼姐姐带我去嫖娼姐姐带我去嫖娼姐姐带我去嫖娼姐姐带我去嫖娼姐姐带我去嫖娼姐姐带我去嫖娼姐姐带我去嫖娼姐姐带我去嫖娼姐姐带我去嫖娼姐姐带我去嫖娼姐姐带我去嫖娼姐姐带我去嫖娼姐姐带我去嫖娼姐姐带我去嫖娼姐姐带我去嫖娼姐姐带我去嫖娼姐姐带我去嫖娼姐姐带我去嫖娼姐姐带我去嫖娼姐姐带我去嫖娼姐姐带我去嫖娼姐姐带我去嫖娼姐姐带我去嫖娼姐姐带我去嫖娼姐姐带我去嫖娼姐姐带我去嫖娼姐姐带我去嫖娼姐姐带我去嫖娼姐姐带我去嫖娼姐姐带我去嫖娼姐姐带我去嫖娼姐姐带我去嫖娼姐姐带我去嫖娼姐姐带我去嫖娼姐姐带我去嫖娼姐姐带我去嫖娼姐姐带我去嫖娼姐姐带我去嫖娼姐姐带我去嫖娼姐姐带我去嫖娼姐姐带我去嫖娼姐姐带我去嫖娼姐姐带我去嫖娼姐姐带我去嫖娼姐姐带我去嫖娼姐姐带我去嫖娼姐姐带我去嫖娼姐姐带我去嫖娼姐姐带我去嫖娼姐姐带我去嫖娼姐姐带我去嫖娼姐姐带我去嫖娼姐姐带我去嫖娼姐姐带我去嫖娼姐姐带我去嫖娼姐姐带我去嫖娼姐姐带我去嫖娼姐姐带我去嫖娼姐姐带我去嫖娼姐姐带我去嫖娼姐姐带我去嫖娼姐姐带我去嫖娼姐姐带我去嫖娼姐姐带我去嫖娼姐姐带我去嫖娼姐姐带我去嫖娼姐姐带我去嫖娼姐姐带我去嫖娼姐姐带我去嫖娼姐姐带我去嫖娼姐姐带我去嫖娼姐姐带我去嫖娼姐姐带我去嫖娼姐姐带我去嫖娼姐姐带我去嫖娼姐姐带我去嫖娼姐姐带我去嫖娼姐姐带我去嫖娼姐姐带我去嫖娼姐姐带我去嫖娼姐姐带我去嫖娼姐姐带我去嫖娼姐姐带我去嫖娼姐姐带我去嫖娼姐姐带我去嫖娼姐姐带我去嫖娼姐姐带我去嫖娼姐姐带我去嫖娼姐姐带我去嫖娼姐姐带我去嫖娼姐姐带我去嫖娼姐姐带我去嫖娼姐姐带我去嫖娼姐姐带我去嫖娼姐姐带我去嫖娼姐姐带我去嫖娼姐姐带我去嫖娼姐姐带我去嫖娼姐姐带我去嫖娼姐姐带我去嫖娼姐姐带我去嫖娼姐姐带我去嫖娼姐姐带我去嫖娼姐姐带我去嫖娼姐姐带我去嫖娼姐姐带我去嫖娼姐姐带我去嫖娼姐姐带我去嫖娼姐姐带我去嫖娼姐姐带我去嫖娼姐姐带我去嫖娼姐姐带我去嫖娼姐姐带我去嫖娼姐姐带我去嫖娼姐姐带我去嫖娼姐姐带我去嫖娼姐姐带我去嫖娼姐姐带我去嫖娼姐姐带我去嫖娼姐姐带我去嫖娼姐姐带我去嫖娼姐姐带我去嫖娼姐姐带我去嫖娼姐姐带我去嫖娼姐姐带我去嫖娼姐姐带我去嫖娼姐姐带我去嫖娼姐姐带我去嫖娼姐姐带我去嫖娼姐姐带我去嫖娼姐姐带我去嫖娼姐姐带我去嫖娼姐姐带我去嫖娼姐姐带我去嫖娼姐姐带我去嫖娼姐姐带我去嫖娼姐姐带我去嫖娼姐姐带我去嫖娼姐姐带我去嫖娼姐姐带我去嫖娼姐姐带我去嫖娼姐姐带我去嫖娼姐姐带我去嫖娼姐姐带我去嫖娼姐姐带我去嫖娼姐姐带我去嫖娼姐姐带我去嫖娼姐姐带我去嫖娼姐姐带我去嫖娼姐姐带我去嫖娼姐姐带我去嫖娼姐姐带我去嫖娼姐姐带我去嫖娼姐姐带我去嫖娼姐姐带我去嫖娼姐姐带我去嫖娼姐姐带我去嫖娼姐姐带我去嫖娼姐姐带我去嫖娼姐姐带我去嫖娼姐姐带我去嫖娼姐姐带我去嫖娼姐姐带我去嫖娼姐姐带我去嫖娼姐姐带我去嫖娼姐姐带我去嫖娼姐姐带我去嫖娼姐姐带我去嫖娼姐姐带我去嫖娼姐姐带我去嫖娼姐姐带我去嫖娼姐姐带我去嫖娼姐姐带我去嫖娼姐姐带我去嫖娼姐姐带我去嫖娼姐姐带我去嫖娼姐姐带我去嫖娼姐姐带我去嫖娼姐姐带我去嫖娼姐姐带我去嫖娼姐姐带我去嫖娼姐姐带我去嫖娼姐姐带我去嫖娼姐姐带我去嫖娼姐姐带我去嫖娼姐姐带我去嫖娼姐姐带我去嫖娼姐姐带我去嫖娼姐姐带我去嫖娼姐姐带我去嫖娼姐姐带我去嫖娼姐姐带我去嫖娼姐姐带我去嫖娼姐姐带我去嫖娼姐姐带我去嫖娼姐姐带我去嫖娼姐姐带我去嫖娼姐姐带我去嫖娼姐姐带我去嫖娼姐姐带我去嫖娼姐姐带我去嫖娼姐姐带我去嫖娼姐姐带我去嫖娼姐姐带我去嫖娼姐姐带我去嫖娼姐姐带我去嫖娼姐姐带我去嫖娼姐姐带我去嫖娼姐姐带我去嫖娼姐姐带我去嫖娼姐姐带我去嫖娼姐姐带我去嫖娼姐姐带我去嫖娼姐姐带我去嫖娼姐姐带我去嫖娼姐姐带我去嫖娼姐姐带我去嫖娼姐姐带我去嫖娼姐姐带我去嫖娼姐姐带我去嫖娼姐姐带我去嫖娼姐姐带我去嫖娼姐姐带我去嫖娼姐姐带我去嫖娼姐姐带我去嫖娼姐姐带我去嫖娼姐姐带我去嫖娼姐姐带我去嫖娼姐姐带我去嫖娼姐姐带我去嫖娼姐姐带我去嫖娼姐姐带我去嫖娼姐姐带我去嫖娼姐姐带我去嫖娼姐姐带我去嫖娼姐姐带我去嫖娼姐姐带我去嫖娼姐姐带我去嫖娼姐姐带我去嫖娼姐姐带我去嫖娼姐姐带我去嫖娼姐姐带我去嫖娼姐姐带我去嫖娼姐姐带我去嫖娼姐姐带我去嫖娼姐姐带我去嫖娼姐姐带我去嫖娼姐姐带我去嫖娼姐姐带我去嫖娼姐姐带我去嫖娼姐姐带我去嫖娼姐姐带我去嫖娼姐姐带我去嫖娼姐姐带我去嫖娼姐姐带我去嫖娼姐姐带我去嫖娼姐姐带我去嫖娼姐姐带我去嫖娼姐姐带我去嫖娼姐姐带我去嫖娼姐姐带我去嫖娼姐姐带我去嫖娼姐姐带我去嫖娼姐姐带我去嫖娼姐姐带我去嫖娼姐姐带我去嫖娼姐姐带我去嫖娼姐姐带我去嫖娼姐姐带我去嫖娼姐姐带我去嫖娼姐姐带我去嫖娼姐姐带我去嫖娼姐姐带我去嫖娼姐姐带我去嫖娼姐姐带我去嫖娼姐姐带我去嫖娼姐姐带我去嫖娼姐姐带我去嫖娼姐姐带我去嫖娼姐姐带我去嫖娼姐姐带我去嫖娼姐姐带我去嫖娼姐姐带我去嫖娼姐姐带我去嫖娼姐姐带我去嫖娼姐姐带我去嫖娼姐姐带我去嫖娼姐姐带我去嫖娼姐姐带我去嫖娼姐姐带我去嫖娼姐姐带我去嫖娼姐姐带我去嫖娼姐姐带我去嫖娼姐姐带我去嫖娼姐姐带我去嫖娼姐姐带我去嫖娼姐姐带我去嫖娼姐姐带我去嫖娼姐姐带我去嫖娼姐姐带我去嫖娼姐姐带我去嫖娼姐姐带我去嫖娼姐姐带我去嫖娼姐姐带我去嫖娼姐姐带我去嫖娼姐姐带我去嫖娼姐姐带我去嫖娼姐姐带我去嫖娼姐姐带我去嫖娼姐姐带我去嫖娼姐姐带我去嫖娼姐姐带我去嫖娼姐姐带我去嫖娼姐姐带我去嫖娼姐姐带我去嫖娼姐姐带我去嫖娼姐姐带我去嫖娼姐姐带我去嫖娼姐姐带我去嫖娼姐姐带我去嫖娼姐姐带我去嫖娼姐姐带我去嫖娼姐姐带我去嫖娼姐姐带我去嫖娼姐姐带我去嫖娼姐姐带我去嫖娼姐姐带我去嫖娼姐姐带我去嫖娼姐姐带我去嫖娼姐姐带我去嫖娼姐姐带我去嫖娼姐姐带我去嫖娼姐姐带我去嫖娼姐姐带我去嫖娼姐姐带我去嫖娼姐姐带我去嫖娼姐姐带我去嫖娼姐姐带我去嫖娼姐姐带我去嫖娼姐姐带我去嫖娼姐姐带我去嫖娼姐姐带我去嫖娼姐姐带我去嫖娼姐姐带我去嫖娼姐姐带我去嫖娼姐姐带我去嫖娼姐姐带我去嫖娼姐姐带我去嫖娼姐姐带我去嫖娼姐姐带我去嫖娼姐姐带我去嫖娼姐姐带我去嫖娼姐姐带我去嫖娼姐姐带我去嫖娼姐姐带我去嫖娼姐姐带我去嫖娼姐姐带我去嫖娼姐姐带我去嫖娼姐姐带我去嫖娼姐姐带我去嫖娼姐姐带我去嫖娼姐姐带我去嫖娼姐姐带我去嫖娼姐姐带我去嫖娼姐姐带我去嫖娼姐姐带我去嫖娼姐姐带我去嫖娼姐姐带我去嫖娼姐姐带我去嫖娼姐姐带我去嫖娼姐姐带我去嫖娼姐姐带我去嫖娼姐姐带我去嫖娼姐姐带我去嫖娼姐姐带我去嫖娼姐姐带我去嫖娼姐姐带我去嫖娼姐姐带我去嫖娼姐姐带我去嫖娼姐姐带我去嫖娼姐姐带我去嫖娼姐姐带我去嫖娼姐姐带我去嫖娼姐姐带我去嫖娼姐姐带我去嫖娼姐姐带我去嫖娼姐姐带我去嫖娼姐姐带我去嫖娼姐姐带我去嫖娼姐姐带我去嫖娼姐姐带我去嫖娼姐姐带我去嫖娼姐姐带我去嫖娼姐姐带我去嫖娼姐姐带我去嫖娼姐姐带我去嫖娼姐姐带我去嫖娼姐姐带我去嫖娼姐姐带我去嫖娼姐姐带我去嫖娼姐姐带我去嫖娼姐姐带我去嫖娼姐姐带我去嫖娼姐姐带我去嫖娼姐姐带我去嫖娼姐姐带我去嫖娼姐姐带我去嫖娼姐姐带我去嫖娼姐姐带我去嫖娼姐姐带我去嫖娼姐姐带我去嫖娼姐姐带我去嫖娼姐姐带我去嫖娼姐姐带我去嫖娼姐姐带我去嫖娼姐姐带我去嫖娼姐姐带我去嫖娼姐姐带我去嫖娼姐姐带我去嫖娼姐姐带我去嫖娼姐姐带我去嫖娼姐姐带我去嫖娼姐姐带我去嫖娼姐姐带我去嫖娼姐姐带我去嫖娼姐姐带我去嫖娼姐姐带我去嫖娼姐姐带我去嫖娼姐姐带我去嫖娼姐姐带我去嫖娼姐姐带我去嫖娼姐姐带我去嫖娼姐姐带我去嫖娼姐姐带我去嫖娼姐姐带我去嫖娼姐姐带我去嫖娼姐姐带我去嫖娼姐姐带我去嫖娼姐姐带我去嫖娼姐姐带我去嫖娼姐姐带我去嫖娼姐姐带我去嫖娼姐姐带我去嫖娼姐姐带我去嫖娼姐姐带我去嫖娼姐姐带我去嫖娼姐姐带我去嫖娼姐姐带我去嫖娼姐姐带我去嫖娼姐姐带我去嫖娼姐姐带我去嫖娼姐姐带我去嫖娼姐姐带我去嫖娼姐姐带我去嫖娼姐姐带我去嫖娼姐姐带我去嫖娼姐姐带我去嫖娼姐姐带我去嫖娼姐姐带我去嫖娼姐姐带我去嫖娼姐姐带我去嫖娼姐姐带我去嫖娼姐姐带我去嫖娼姐姐带我去嫖娼姐姐带我去嫖娼姐姐带我去嫖娼姐姐带我去嫖娼姐姐带我去嫖娼姐姐带我去嫖娼姐姐带我去嫖娼姐姐带我去嫖娼姐姐带我去嫖娼姐姐带我去嫖娼姐姐带我去嫖娼姐姐带我去嫖娼姐姐带我去嫖娼姐姐带我去嫖娼姐姐带我去嫖娼姐姐带我去嫖娼姐姐带我去嫖娼姐姐带我去嫖娼姐姐带我去嫖娼姐姐带我去嫖娼姐姐带我去嫖娼姐姐带我去嫖娼姐姐带我去嫖娼姐姐带我去嫖娼姐姐带我去嫖娼姐姐带我去嫖娼姐姐带我去嫖娼姐姐带我去嫖娼姐姐带我去嫖娼姐姐带我去嫖娼姐姐带我去嫖娼姐姐带我去嫖娼姐姐带我去嫖娼姐姐带我去嫖娼姐姐带我去嫖娼姐姐带我去嫖娼姐姐带我去嫖娼姐姐带我去嫖娼姐姐带我去嫖娼姐姐带我去嫖娼姐姐带我去嫖娼姐姐带我去嫖娼姐姐带我去嫖娼姐姐带我去嫖娼姐姐带我去嫖娼姐姐带我去嫖娼姐姐带我去嫖娼姐姐带我去嫖娼姐姐带我去嫖娼姐姐带我去嫖娼姐姐带我去嫖娼姐姐带我去嫖娼姐姐带我去嫖娼姐姐带我去嫖娼姐姐带我去嫖娼姐姐带我去嫖娼姐姐带我去嫖娼姐姐带我去嫖娼姐姐带我去嫖娼姐姐带我去嫖娼姐姐带我去嫖娼姐姐带我去嫖娼姐姐带我去嫖娼姐姐带我去嫖娼姐姐带我去嫖娼姐姐带我去嫖娼姐姐带我去嫖娼姐姐带我去嫖娼姐姐带我去嫖娼姐姐带我去嫖娼姐姐带我去嫖娼姐姐带我去嫖娼姐姐带我去嫖娼姐姐带我去嫖娼姐姐带我去嫖娼姐姐带我去嫖娼姐姐带我去嫖娼姐姐带我去嫖娼姐姐带我去嫖娼姐姐带我去嫖娼姐姐带我去嫖娼姐姐带我去嫖娼姐姐带我去嫖娼姐姐带我去嫖娼姐姐带我去嫖娼姐姐带我去嫖娼姐姐带我去嫖娼姐姐带我去嫖娼姐姐带我去嫖娼姐姐带我去嫖娼姐姐带我去嫖娼姐姐带我去嫖娼姐姐带我去嫖娼姐姐带我去嫖娼姐姐带我去嫖娼姐姐带我去嫖娼姐姐带我去嫖娼姐姐带我去嫖娼姐姐带我去嫖娼姐姐带我去嫖娼姐姐带我去嫖娼姐姐带我去嫖娼姐姐带我去嫖娼姐姐带我去嫖娼姐姐带我去嫖娼姐姐带我去嫖娼姐姐带我去嫖娼姐姐带我去嫖娼姐姐带我去嫖娼姐姐带我去嫖娼姐姐带我去嫖娼姐姐带我去嫖娼姐姐带我去嫖娼姐姐带我去嫖娼姐姐带我去嫖娼姐姐带我去嫖娼姐姐带我去嫖娼姐姐带我去嫖娼姐姐带我去嫖娼姐姐带我去嫖娼姐姐带我去嫖娼姐姐带我去嫖娼姐姐带我去嫖娼姐姐带我去嫖娼姐姐带我去嫖娼姐姐带我去嫖娼姐姐带我去嫖娼姐姐带我去嫖娼姐姐带我去嫖娼姐姐带我去嫖娼姐姐带我去嫖娼姐姐带我去嫖娼姐姐带我去嫖娼姐姐带我去嫖娼姐姐带我去嫖娼姐姐带我去嫖娼姐姐带我去嫖娼姐姐带我去嫖娼姐姐带我去嫖娼姐姐带我去嫖娼姐姐带我去嫖娼姐姐带我去嫖娼姐姐带我去嫖娼姐姐带我去嫖娼姐姐带我去嫖娼姐姐带我去嫖娼姐姐带我去嫖娼姐姐带我去嫖娼姐姐带我去嫖娼姐姐带我去嫖娼姐姐带我去嫖娼姐姐带我去嫖娼姐姐带我去嫖娼姐姐带我去嫖娼姐姐带我去嫖娼姐姐带我去嫖娼姐姐带我去嫖娼姐姐带我去嫖娼姐姐带我去嫖娼姐姐带我去嫖娼姐姐带我去嫖娼姐姐带我去嫖娼姐姐带我去嫖娼姐姐带我去嫖娼姐姐带我去嫖娼姐姐带我去嫖娼姐姐带我去嫖娼姐姐带我去嫖娼姐姐带我去嫖娼姐姐带我去嫖娼姐姐带我去嫖娼姐姐带我去嫖娼', '2018-01-08 21:47:29.000000', 2, 1);
INSERT INTO `NovelChaPter` VALUES (3, '表姐带我去嫖娼', '表姐带我去嫖娼表姐带我去嫖娼表姐带我去嫖娼表姐带我去嫖娼表姐带我去嫖娼表姐带我去嫖娼表姐带我去嫖娼表姐带我去嫖娼表姐带我去嫖娼表姐带我去嫖娼表姐带我去嫖娼表姐带我去嫖娼表姐带我去嫖娼表姐带我去嫖娼表姐带我去嫖娼表姐带我去嫖娼表姐带我去嫖娼表姐带我去嫖娼表姐带我去嫖娼表姐带我去嫖娼表姐带我去嫖娼表姐带我去嫖娼表姐带我去嫖娼表姐带我去嫖娼表姐带我去嫖娼表姐带我去嫖娼表姐带我去嫖娼表姐带我去嫖娼表姐带我去嫖娼表姐带我去嫖娼表姐带我去嫖娼表姐带我去嫖娼表姐带我去嫖娼表姐带我去嫖娼表姐带我去嫖娼表姐带我去嫖娼表姐带我去嫖娼表姐带我去嫖娼表姐带我去嫖娼表姐带我去嫖娼表姐带我去嫖娼表姐带我去嫖娼表姐带我去嫖娼表姐带我去嫖娼表姐带我去嫖娼表姐带我去嫖娼表姐带我去嫖娼表姐带我去嫖娼表姐带我去嫖娼表姐带我去嫖娼表姐带我去嫖娼表姐带我去嫖娼表姐带我去嫖娼表姐带我去嫖娼表姐带我去嫖娼表姐带我去嫖娼表姐带我去嫖娼表姐带我去嫖娼表姐带我去嫖娼表姐带我去嫖娼表姐带我去嫖娼表姐带我去嫖娼表姐带我去嫖娼表姐带我去嫖娼表姐带我去嫖娼表姐带我去嫖娼表姐带我去嫖娼表姐带我去嫖娼表姐带我去嫖娼表姐带我去嫖娼表姐带我去嫖娼表姐带我去嫖娼表姐带我去嫖娼表姐带我去嫖娼表姐带我去嫖娼表姐带我去嫖娼表姐带我去嫖娼表姐带我去嫖娼表姐带我去嫖娼表姐带我去嫖娼表姐带我去嫖娼表姐带我去嫖娼表姐带我去嫖娼表姐带我去嫖娼表姐带我去嫖娼表姐带我去嫖娼表姐带我去嫖娼表姐带我去嫖娼表姐带我去嫖娼表姐带我去嫖娼表姐带我去嫖娼表姐带我去嫖娼表姐带我去嫖娼表姐带我去嫖娼表姐带我去嫖娼表姐带我去嫖娼表姐带我去嫖娼表姐带我去嫖娼表姐带我去嫖娼表姐带我去嫖娼表姐带我去嫖娼表姐带我去嫖娼表姐带我去嫖娼表姐带我去嫖娼表姐带我去嫖娼表姐带我去嫖娼表姐带我去嫖娼表姐带我去嫖娼表姐带我去嫖娼表姐带我去嫖娼表姐带我去嫖娼表姐带我去嫖娼表姐带我去嫖娼表姐带我去嫖娼表姐带我去嫖娼表姐带我去嫖娼表姐带我去嫖娼表姐带我去嫖娼表姐带我去嫖娼表姐带我去嫖娼表姐带我去嫖娼表姐带我去嫖娼表姐带我去嫖娼表姐带我去嫖娼表姐带我去嫖娼表姐带我去嫖娼表姐带我去嫖娼表姐带我去嫖娼表姐带我去嫖娼表姐带我去嫖娼表姐带我去嫖娼表姐带我去嫖娼表姐带我去嫖娼表姐带我去嫖娼表姐带我去嫖娼表姐带我去嫖娼表姐带我去嫖娼表姐带我去嫖娼表姐带我去嫖娼表姐带我去嫖娼表姐带我去嫖娼表姐带我去嫖娼表姐带我去嫖娼表姐带我去嫖娼表姐带我去嫖娼表姐带我去嫖娼表姐带我去嫖娼表姐带我去嫖娼表姐带我去嫖娼表姐带我去嫖娼表姐带我去嫖娼表姐带我去嫖娼表姐带我去嫖娼表姐带我去嫖娼表姐带我去嫖娼表姐带我去嫖娼表姐带我去嫖娼表姐带我去嫖娼表姐带我去嫖娼表姐带我去嫖娼表姐带我去嫖娼表姐带我去嫖娼表姐带我去嫖娼表姐带我去嫖娼表姐带我去嫖娼表姐带我去嫖娼表姐带我去嫖娼表姐带我去嫖娼表姐带我去嫖娼表姐带我去嫖娼表姐带我去嫖娼表姐带我去嫖娼表姐带我去嫖娼表姐带我去嫖娼表姐带我去嫖娼表姐带我去嫖娼表姐带我去嫖娼表姐带我去嫖娼表姐带我去嫖娼表姐带我去嫖娼表姐带我去嫖娼表姐带我去嫖娼表姐带我去嫖娼表姐带我去嫖娼表姐带我去嫖娼表姐带我去嫖娼表姐带我去嫖娼表姐带我去嫖娼表姐带我去嫖娼表姐带我去嫖娼表姐带我去嫖娼表姐带我去嫖娼表姐带我去嫖娼表姐带我去嫖娼表姐带我去嫖娼表姐带我去嫖娼表姐带我去嫖娼表姐带我去嫖娼表姐带我去嫖娼表姐带我去嫖娼表姐带我去嫖娼表姐带我去嫖娼表姐带我去嫖娼表姐带我去嫖娼表姐带我去嫖娼表姐带我去嫖娼表姐带我去嫖娼表姐带我去嫖娼表姐带我去嫖娼表姐带我去嫖娼表姐带我去嫖娼表姐带我去嫖娼表姐带我去嫖娼表姐带我去嫖娼表姐带我去嫖娼表姐带我去嫖娼表姐带我去嫖娼表姐带我去嫖娼表姐带我去嫖娼表姐带我去嫖娼表姐带我去嫖娼表姐带我去嫖娼表姐带我去嫖娼表姐带我去嫖娼表姐带我去嫖娼表姐带我去嫖娼表姐带我去嫖娼表姐带我去嫖娼表姐带我去嫖娼表姐带我去嫖娼表姐带我去嫖娼表姐带我去嫖娼表姐带我去嫖娼表姐带我去嫖娼表姐带我去嫖娼表姐带我去嫖娼表姐带我去嫖娼表姐带我去嫖娼表姐带我去嫖娼表姐带我去嫖娼表姐带我去嫖娼表姐带我去嫖娼表姐带我去嫖娼表姐带我去嫖娼表姐带我去嫖娼表姐带我去嫖娼表姐带我去嫖娼表姐带我去嫖娼表姐带我去嫖娼表姐带我去嫖娼表姐带我去嫖娼表姐带我去嫖娼表姐带我去嫖娼表姐带我去嫖娼表姐带我去嫖娼表姐带我去嫖娼表姐带我去嫖娼表姐带我去嫖娼表姐带我去嫖娼表姐带我去嫖娼表姐带我去嫖娼表姐带我去嫖娼表姐带我去嫖娼表姐带我去嫖娼表姐带我去嫖娼表姐带我去嫖娼表姐带我去嫖娼表姐带我去嫖娼表姐带我去嫖娼表姐带我去嫖娼表姐带我去嫖娼表姐带我去嫖娼表姐带我去嫖娼表姐带我去嫖娼表姐带我去嫖娼表姐带我去嫖娼表姐带我去嫖娼表姐带我去嫖娼表姐带我去嫖娼表姐带我去嫖娼表姐带我去嫖娼表姐带我去嫖娼表姐带我去嫖娼表姐带我去嫖娼表姐带我去嫖娼表姐带我去嫖娼表姐带我去嫖娼表姐带我去嫖娼表姐带我去嫖娼表姐带我去嫖娼表姐带我去嫖娼表姐带我去嫖娼表姐带我去嫖娼表姐带我去嫖娼表姐带我去嫖娼表姐带我去嫖娼表姐带我去嫖娼表姐带我去嫖娼表姐带我去嫖娼表姐带我去嫖娼表姐带我去嫖娼表姐带我去嫖娼表姐带我去嫖娼表姐带我去嫖娼表姐带我去嫖娼表姐带我去嫖娼表姐带我去嫖娼表姐带我去嫖娼表姐带我去嫖娼表姐带我去嫖娼表姐带我去嫖娼表姐带我去嫖娼表姐带我去嫖娼表姐带我去嫖娼表姐带我去嫖娼表姐带我去嫖娼表姐带我去嫖娼表姐带我去嫖娼表姐带我去嫖娼表姐带我去嫖娼表姐带我去嫖娼表姐带我去嫖娼表姐带我去嫖娼表姐带我去嫖娼表姐带我去嫖娼表姐带我去嫖娼表姐带我去嫖娼表姐带我去嫖娼表姐带我去嫖娼表姐带我去嫖娼表姐带我去嫖娼表姐带我去嫖娼表姐带我去嫖娼表姐带我去嫖娼表姐带我去嫖娼表姐带我去嫖娼表姐带我去嫖娼表姐带我去嫖娼表姐带我去嫖娼表姐带我去嫖娼表姐带我去嫖娼表姐带我去嫖娼表姐带我去嫖娼表姐带我去嫖娼表姐带我去嫖娼表姐带我去嫖娼表姐带我去嫖娼表姐带我去嫖娼表姐带我去嫖娼表姐带我去嫖娼表姐带我去嫖娼表姐带我去嫖娼表姐带我去嫖娼表姐带我去嫖娼表姐带我去嫖娼表姐带我去嫖娼表姐带我去嫖娼表姐带我去嫖娼表姐带我去嫖娼表姐带我去嫖娼表姐带我去嫖娼表姐带我去嫖娼表姐带我去嫖娼表姐带我去嫖娼表姐带我去嫖娼表姐带我去嫖娼表姐带我去嫖娼表姐带我去嫖娼表姐带我去嫖娼表姐带我去嫖娼表姐带我去嫖娼表姐带我去嫖娼表姐带我去嫖娼表姐带我去嫖娼表姐带我去嫖娼表姐带我去嫖娼表姐带我去嫖娼表姐带我去嫖娼表姐带我去嫖娼表姐带我去嫖娼表姐带我去嫖娼表姐带我去嫖娼表姐带我去嫖娼表姐带我去嫖娼表姐带我去嫖娼表姐带我去嫖娼表姐带我去嫖娼表姐带我去嫖娼表姐带我去嫖娼表姐带我去嫖娼表姐带我去嫖娼表姐带我去嫖娼表姐带我去嫖娼表姐带我去嫖娼表姐带我去嫖娼表姐带我去嫖娼表姐带我去嫖娼表姐带我去嫖娼表姐带我去嫖娼表姐带我去嫖娼表姐带我去嫖娼表姐带我去嫖娼表姐带我去嫖娼表姐带我去嫖娼表姐带我去嫖娼表姐带我去嫖娼表姐带我去嫖娼表姐带我去嫖娼表姐带我去嫖娼表姐带我去嫖娼表姐带我去嫖娼表姐带我去嫖娼表姐带我去嫖娼表姐带我去嫖娼表姐带我去嫖娼表姐带我去嫖娼表姐带我去嫖娼表姐带我去嫖娼表姐带我去嫖娼表姐带我去嫖娼表姐带我去嫖娼表姐带我去嫖娼表姐带我去嫖娼表姐带我去嫖娼表姐带我去嫖娼表姐带我去嫖娼表姐带我去嫖娼表姐带我去嫖娼表姐带我去嫖娼表姐带我去嫖娼表姐带我去嫖娼表姐带我去嫖娼表姐带我去嫖娼表姐带我去嫖娼表姐带我去嫖娼表姐带我去嫖娼表姐带我去嫖娼表姐带我去嫖娼表姐带我去嫖娼表姐带我去嫖娼表姐带我去嫖娼表姐带我去嫖娼表姐带我去嫖娼表姐带我去嫖娼表姐带我去嫖娼表姐带我去嫖娼表姐带我去嫖娼表姐带我去嫖娼表姐带我去嫖娼表姐带我去嫖娼表姐带我去嫖娼表姐带我去嫖娼表姐带我去嫖娼表姐带我去嫖娼表姐带我去嫖娼表姐带我去嫖娼表姐带我去嫖娼表姐带我去嫖娼表姐带我去嫖娼表姐带我去嫖娼表姐带我去嫖娼表姐带我去嫖娼表姐带我去嫖娼表姐带我去嫖娼表姐带我去嫖娼表姐带我去嫖娼表姐带我去嫖娼表姐带我去嫖娼表姐带我去嫖娼表姐带我去嫖娼表姐带我去嫖娼表姐带我去嫖娼表姐带我去嫖娼表姐带我去嫖娼表姐带我去嫖娼表姐带我去嫖娼表姐带我去嫖娼表姐带我去嫖娼表姐带我去嫖娼表姐带我去嫖娼表姐带我去嫖娼表姐带我去嫖娼表姐带我去嫖娼表姐带我去嫖娼表姐带我去嫖娼表姐带我去嫖娼表姐带我去嫖娼表姐带我去嫖娼表姐带我去嫖娼表姐带我去嫖娼表姐带我去嫖娼表姐带我去嫖娼表姐带我去嫖娼表姐带我去嫖娼表姐带我去嫖娼表姐带我去嫖娼表姐带我去嫖娼表姐带我去嫖娼表姐带我去嫖娼表姐带我去嫖娼表姐带我去嫖娼表姐带我去嫖娼表姐带我去嫖娼表姐带我去嫖娼表姐带我去嫖娼表姐带我去嫖娼表姐带我去嫖娼表姐带我去嫖娼表姐带我去嫖娼表姐带我去嫖娼表姐带我去嫖娼表姐带我去嫖娼表姐带我去嫖娼表姐带我去嫖娼表姐带我去嫖娼表姐带我去嫖娼表姐带我去嫖娼表姐带我去嫖娼表姐带我去嫖娼表姐带我去嫖娼表姐带我去嫖娼表姐带我去嫖娼表姐带我去嫖娼表姐带我去嫖娼表姐带我去嫖娼表姐带我去嫖娼表姐带我去嫖娼表姐带我去嫖娼表姐带我去嫖娼表姐带我去嫖娼表姐带我去嫖娼表姐带我去嫖娼表姐带我去嫖娼表姐带我去嫖娼表姐带我去嫖娼表姐带我去嫖娼表姐带我去嫖娼表姐带我去嫖娼表姐带我去嫖娼表姐带我去嫖娼表姐带我去嫖娼表姐带我去嫖娼表姐带我去嫖娼表姐带我去嫖娼表姐带我去嫖娼表姐带我去嫖娼表姐带我去嫖娼表姐带我去嫖娼表姐带我去嫖娼表姐带我去嫖娼表姐带我去嫖娼表姐带我去嫖娼表姐带我去嫖娼表姐带我去嫖娼表姐带我去嫖娼表姐带我去嫖娼表姐带我去嫖娼表姐带我去嫖娼表姐带我去嫖娼表姐带我去嫖娼表姐带我去嫖娼表姐带我去嫖娼表姐带我去嫖娼表姐带我去嫖娼表姐带我去嫖娼表姐带我去嫖娼表姐带我去嫖娼表姐带我去嫖娼表姐带我去嫖娼表姐带我去嫖娼表姐带我去嫖娼表姐带我去嫖娼表姐带我去嫖娼表姐带我去嫖娼表姐带我去嫖娼表姐带我去嫖娼表姐带我去嫖娼表姐带我去嫖娼表姐带我去嫖娼表姐带我去嫖娼表姐带我去嫖娼表姐带我去嫖娼表姐带我去嫖娼表姐带我去嫖娼表姐带我去嫖娼表姐带我去嫖娼表姐带我去嫖娼表姐带我去嫖娼表姐带我去嫖娼表姐带我去嫖娼表姐带我去嫖娼表姐带我去嫖娼表姐带我去嫖娼表姐带我去嫖娼表姐带我去嫖娼表姐带我去嫖娼表姐带我去嫖娼表姐带我去嫖娼表姐带我去嫖娼表姐带我去嫖娼表姐带我去嫖娼表姐带我去嫖娼表姐带我去嫖娼表姐带我去嫖娼表姐带我去嫖娼表姐带我去嫖娼表姐带我去嫖娼表姐带我去嫖娼表姐带我去嫖娼表姐带我去嫖娼表姐带我去嫖娼表姐带我去嫖娼表姐带我去嫖娼表姐带我去嫖娼表姐带我去嫖娼表姐带我去嫖娼表姐带我去嫖娼表姐带我去嫖娼表姐带我去嫖娼表姐带我去嫖娼表姐带我去嫖娼表姐带我去嫖娼表姐带我去嫖娼表姐带我去嫖娼表姐带我去嫖娼表姐带我去嫖娼表姐带我去嫖娼表姐带我去嫖娼表姐带我去嫖娼表姐带我去嫖娼表姐带我去嫖娼表姐带我去嫖娼表姐带我去嫖娼表姐带我去嫖娼表姐带我去嫖娼表姐带我去嫖娼表姐带我去嫖娼表姐带我去嫖娼表姐带我去嫖娼表姐带我去嫖娼表姐带我去嫖娼表姐带我去嫖娼表姐带我去嫖娼表姐带我去嫖娼表姐带我去嫖娼表姐带我去嫖娼表姐带我去嫖娼表姐带我去嫖娼表姐带我去嫖娼表姐带我去嫖娼表姐带我去嫖娼表姐带我去嫖娼表姐带我去嫖娼表姐带我去嫖娼表姐带我去嫖娼表姐带我去嫖娼表姐带我去嫖娼表姐带我去嫖娼表姐带我去嫖娼表姐带我去嫖娼', '2018-01-08 21:47:55.000000', 3, 0);
INSERT INTO `NovelChaPter` VALUES (4, '好爽啊啊啊啊啊', '好爽啊啊啊啊啊好爽啊啊啊啊啊好爽啊啊啊啊啊好爽啊啊啊啊啊好爽啊啊啊啊啊好爽啊啊啊啊啊好爽啊啊啊啊啊好爽啊啊啊啊啊好爽啊啊啊啊啊好爽啊啊啊啊啊好爽啊啊啊啊啊好爽啊啊啊啊啊好爽啊啊啊啊啊好爽啊啊啊啊啊好爽啊啊啊啊啊好爽啊啊啊啊啊好爽啊啊啊啊啊好爽啊啊啊啊啊好爽啊啊啊啊啊好爽啊啊啊啊啊好爽啊啊啊啊啊好爽啊啊啊啊啊好爽啊啊啊啊啊好爽啊啊啊啊啊好爽啊啊啊啊啊好爽啊啊啊啊啊好爽啊啊啊啊啊好爽啊啊啊啊啊好爽啊啊啊啊啊好爽啊啊啊啊啊好爽啊啊啊啊啊好爽啊啊啊啊啊好爽啊啊啊啊啊好爽啊啊啊啊啊好爽啊啊啊啊啊好爽啊啊啊啊啊好爽啊啊啊啊啊好爽啊啊啊啊啊好爽啊啊啊啊啊好爽啊啊啊啊啊好爽啊啊啊啊啊好爽啊啊啊啊啊好爽啊啊啊啊啊好爽啊啊啊啊啊好爽啊啊啊啊啊好爽啊啊啊啊啊好爽啊啊啊啊啊好爽啊啊啊啊啊好爽啊啊啊啊啊好爽啊啊啊啊啊好爽啊啊啊啊啊好爽啊啊啊啊啊好爽啊啊啊啊啊好爽啊啊啊啊啊好爽啊啊啊啊啊好爽啊啊啊啊啊好爽啊啊啊啊啊好爽啊啊啊啊啊好爽啊啊啊啊啊好爽啊啊啊啊啊好爽啊啊啊啊啊好爽啊啊啊啊啊好爽啊啊啊啊啊好爽啊啊啊啊啊好爽啊啊啊啊啊好爽啊啊啊啊啊好爽啊啊啊啊啊好爽啊啊啊啊啊好爽啊啊啊啊啊好爽啊啊啊啊啊好爽啊啊啊啊啊好爽啊啊啊啊啊好爽啊啊啊啊啊好爽啊啊啊啊啊好爽啊啊啊啊啊好爽啊啊啊啊啊好爽啊啊啊啊啊好爽啊啊啊啊啊好爽啊啊啊啊啊好爽啊啊啊啊啊好爽啊啊啊啊啊好爽啊啊啊啊啊好爽啊啊啊啊啊好爽啊啊啊啊啊好爽啊啊啊啊啊好爽啊啊啊啊啊好爽啊啊啊啊啊好爽啊啊啊啊啊好爽啊啊啊啊啊好爽啊啊啊啊啊好爽啊啊啊啊啊好爽啊啊啊啊啊好爽啊啊啊啊啊好爽啊啊啊啊啊好爽啊啊啊啊啊好爽啊啊啊啊啊好爽啊啊啊啊啊好爽啊啊啊啊啊好爽啊啊啊啊啊好爽啊啊啊啊啊好爽啊啊啊啊啊好爽啊啊啊啊啊好爽啊啊啊啊啊好爽啊啊啊啊啊好爽啊啊啊啊啊好爽啊啊啊啊啊好爽啊啊啊啊啊好爽啊啊啊啊啊好爽啊啊啊啊啊好爽啊啊啊啊啊好爽啊啊啊啊啊好爽啊啊啊啊啊好爽啊啊啊啊啊好爽啊啊啊啊啊好爽啊啊啊啊啊好爽啊啊啊啊啊好爽啊啊啊啊啊好爽啊啊啊啊啊好爽啊啊啊啊啊好爽啊啊啊啊啊好爽啊啊啊啊啊好爽啊啊啊啊啊好爽啊啊啊啊啊好爽啊啊啊啊啊好爽啊啊啊啊啊好爽啊啊啊啊啊好爽啊啊啊啊啊好爽啊啊啊啊啊好爽啊啊啊啊啊好爽啊啊啊啊啊好爽啊啊啊啊啊好爽啊啊啊啊啊好爽啊啊啊啊啊好爽啊啊啊啊啊好爽啊啊啊啊啊好爽啊啊啊啊啊好爽啊啊啊啊啊好爽啊啊啊啊啊好爽啊啊啊啊啊好爽啊啊啊啊啊好爽啊啊啊啊啊好爽啊啊啊啊啊好爽啊啊啊啊啊好爽啊啊啊啊啊好爽啊啊啊啊啊好爽啊啊啊啊啊好爽啊啊啊啊啊好爽啊啊啊啊啊好爽啊啊啊啊啊好爽啊啊啊啊啊好爽啊啊啊啊啊好爽啊啊啊啊啊好爽啊啊啊啊啊好爽啊啊啊啊啊好爽啊啊啊啊啊好爽啊啊啊啊啊好爽啊啊啊啊啊好爽啊啊啊啊啊好爽啊啊啊啊啊好爽啊啊啊啊啊好爽啊啊啊啊啊好爽啊啊啊啊啊好爽啊啊啊啊啊好爽啊啊啊啊啊好爽啊啊啊啊啊好爽啊啊啊啊啊好爽啊啊啊啊啊好爽啊啊啊啊啊好爽啊啊啊啊啊好爽啊啊啊啊啊好爽啊啊啊啊啊好爽啊啊啊啊啊好爽啊啊啊啊啊好爽啊啊啊啊啊好爽啊啊啊啊啊好爽啊啊啊啊啊好爽啊啊啊啊啊好爽啊啊啊啊啊好爽啊啊啊啊啊好爽啊啊啊啊啊好爽啊啊啊啊啊好爽啊啊啊啊啊好爽啊啊啊啊啊好爽啊啊啊啊啊好爽啊啊啊啊啊好爽啊啊啊啊啊好爽啊啊啊啊啊好爽啊啊啊啊啊好爽啊啊啊啊啊好爽啊啊啊啊啊好爽啊啊啊啊啊好爽啊啊啊啊啊好爽啊啊啊啊啊好爽啊啊啊啊啊好爽啊啊啊啊啊好爽啊啊啊啊啊好爽啊啊啊啊啊好爽啊啊啊啊啊好爽啊啊啊啊啊好爽啊啊啊啊啊好爽啊啊啊啊啊好爽啊啊啊啊啊好爽啊啊啊啊啊好爽啊啊啊啊啊好爽啊啊啊啊啊好爽啊啊啊啊啊好爽啊啊啊啊啊好爽啊啊啊啊啊好爽啊啊啊啊啊好爽啊啊啊啊啊好爽啊啊啊啊啊好爽啊啊啊啊啊好爽啊啊啊啊啊好爽啊啊啊啊啊好爽啊啊啊啊啊好爽啊啊啊啊啊好爽啊啊啊啊啊好爽啊啊啊啊啊好爽啊啊啊啊啊好爽啊啊啊啊啊好爽啊啊啊啊啊好爽啊啊啊啊啊好爽啊啊啊啊啊好爽啊啊啊啊啊好爽啊啊啊啊啊好爽啊啊啊啊啊好爽啊啊啊啊啊好爽啊啊啊啊啊好爽啊啊啊啊啊好爽啊啊啊啊啊好爽啊啊啊啊啊好爽啊啊啊啊啊好爽啊啊啊啊啊好爽啊啊啊啊啊好爽啊啊啊啊啊好爽啊啊啊啊啊好爽啊啊啊啊啊好爽啊啊啊啊啊好爽啊啊啊啊啊好爽啊啊啊啊啊好爽啊啊啊啊啊好爽啊啊啊啊啊好爽啊啊啊啊啊好爽啊啊啊啊啊好爽啊啊啊啊啊好爽啊啊啊啊啊好爽啊啊啊啊啊好爽啊啊啊啊啊好爽啊啊啊啊啊好爽啊啊啊啊啊好爽啊啊啊啊啊好爽啊啊啊啊啊好爽啊啊啊啊啊好爽啊啊啊啊啊好爽啊啊啊啊啊好爽啊啊啊啊啊好爽啊啊啊啊啊好爽啊啊啊啊啊好爽啊啊啊啊啊好爽啊啊啊啊啊好爽啊啊啊啊啊好爽啊啊啊啊啊好爽啊啊啊啊啊好爽啊啊啊啊啊好爽啊啊啊啊啊好爽啊啊啊啊啊好爽啊啊啊啊啊好爽啊啊啊啊啊好爽啊啊啊啊啊好爽啊啊啊啊啊好爽啊啊啊啊啊好爽啊啊啊啊啊好爽啊啊啊啊啊好爽啊啊啊啊啊好爽啊啊啊啊啊好爽啊啊啊啊啊好爽啊啊啊啊啊好爽啊啊啊啊啊好爽啊啊啊啊啊好爽啊啊啊啊啊好爽啊啊啊啊啊好爽啊啊啊啊啊好爽啊啊啊啊啊好爽啊啊啊啊啊好爽啊啊啊啊啊好爽啊啊啊啊啊好爽啊啊啊啊啊好爽啊啊啊啊啊好爽啊啊啊啊啊好爽啊啊啊啊啊好爽啊啊啊啊啊好爽啊啊啊啊啊好爽啊啊啊啊啊好爽啊啊啊啊啊好爽啊啊啊啊啊好爽啊啊啊啊啊好爽啊啊啊啊啊好爽啊啊啊啊啊好爽啊啊啊啊啊好爽啊啊啊啊啊好爽啊啊啊啊啊好爽啊啊啊啊啊好爽啊啊啊啊啊好爽啊啊啊啊啊好爽啊啊啊啊啊好爽啊啊啊啊啊好爽啊啊啊啊啊好爽啊啊啊啊啊好爽啊啊啊啊啊好爽啊啊啊啊啊好爽啊啊啊啊啊好爽啊啊啊啊啊好爽啊啊啊啊啊好爽啊啊啊啊啊好爽啊啊啊啊啊好爽啊啊啊啊啊好爽啊啊啊啊啊好爽啊啊啊啊啊好爽啊啊啊啊啊好爽啊啊啊啊啊好爽啊啊啊啊啊好爽啊啊啊啊啊好爽啊啊啊啊啊好爽啊啊啊啊啊好爽啊啊啊啊啊好爽啊啊啊啊啊好爽啊啊啊啊啊好爽啊啊啊啊啊好爽啊啊啊啊啊好爽啊啊啊啊啊好爽啊啊啊啊啊好爽啊啊啊啊啊好爽啊啊啊啊啊好爽啊啊啊啊啊好爽啊啊啊啊啊好爽啊啊啊啊啊好爽啊啊啊啊啊好爽啊啊啊啊啊好爽啊啊啊啊啊好爽啊啊啊啊啊好爽啊啊啊啊啊好爽啊啊啊啊啊好爽啊啊啊啊啊好爽啊啊啊啊啊好爽啊啊啊啊啊好爽啊啊啊啊啊好爽啊啊啊啊啊好爽啊啊啊啊啊好爽啊啊啊啊啊好爽啊啊啊啊啊好爽啊啊啊啊啊好爽啊啊啊啊啊好爽啊啊啊啊啊好爽啊啊啊啊啊好爽啊啊啊啊啊好爽啊啊啊啊啊好爽啊啊啊啊啊好爽啊啊啊啊啊好爽啊啊啊啊啊好爽啊啊啊啊啊好爽啊啊啊啊啊好爽啊啊啊啊啊好爽啊啊啊啊啊好爽啊啊啊啊啊好爽啊啊啊啊啊好爽啊啊啊啊啊好爽啊啊啊啊啊好爽啊啊啊啊啊好爽啊啊啊啊啊好爽啊啊啊啊啊好爽啊啊啊啊啊好爽啊啊啊啊啊好爽啊啊啊啊啊好爽啊啊啊啊啊好爽啊啊啊啊啊好爽啊啊啊啊啊好爽啊啊啊啊啊好爽啊啊啊啊啊好爽啊啊啊啊啊好爽啊啊啊啊啊好爽啊啊啊啊啊好爽啊啊啊啊啊好爽啊啊啊啊啊好爽啊啊啊啊啊好爽啊啊啊啊啊好爽啊啊啊啊啊好爽啊啊啊啊啊好爽啊啊啊啊啊好爽啊啊啊啊啊好爽啊啊啊啊啊好爽啊啊啊啊啊好爽啊啊啊啊啊好爽啊啊啊啊啊好爽啊啊啊啊啊好爽啊啊啊啊啊好爽啊啊啊啊啊好爽啊啊啊啊啊好爽啊啊啊啊啊好爽啊啊啊啊啊好爽啊啊啊啊啊好爽啊啊啊啊啊好爽啊啊啊啊啊好爽啊啊啊啊啊好爽啊啊啊啊啊好爽啊啊啊啊啊好爽啊啊啊啊啊好爽啊啊啊啊啊好爽啊啊啊啊啊好爽啊啊啊啊啊好爽啊啊啊啊啊好爽啊啊啊啊啊好爽啊啊啊啊啊好爽啊啊啊啊啊好爽啊啊啊啊啊好爽啊啊啊啊啊好爽啊啊啊啊啊好爽啊啊啊啊啊好爽啊啊啊啊啊好爽啊啊啊啊啊好爽啊啊啊啊啊好爽啊啊啊啊啊好爽啊啊啊啊啊好爽啊啊啊啊啊好爽啊啊啊啊啊好爽啊啊啊啊啊好爽啊啊啊啊啊好爽啊啊啊啊啊好爽啊啊啊啊啊好爽啊啊啊啊啊好爽啊啊啊啊啊好爽啊啊啊啊啊好爽啊啊啊啊啊好爽啊啊啊啊啊好爽啊啊啊啊啊好爽啊啊啊啊啊好爽啊啊啊啊啊好爽啊啊啊啊啊好爽啊啊啊啊啊好爽啊啊啊啊啊好爽啊啊啊啊啊好爽啊啊啊啊啊好爽啊啊啊啊啊好爽啊啊啊啊啊好爽啊啊啊啊啊好爽啊啊啊啊啊好爽啊啊啊啊啊好爽啊啊啊啊啊好爽啊啊啊啊啊好爽啊啊啊啊啊好爽啊啊啊啊啊好爽啊啊啊啊啊好爽啊啊啊啊啊好爽啊啊啊啊啊好爽啊啊啊啊啊好爽啊啊啊啊啊好爽啊啊啊啊啊好爽啊啊啊啊啊好爽啊啊啊啊啊好爽啊啊啊啊啊好爽啊啊啊啊啊好爽啊啊啊啊啊好爽啊啊啊啊啊好爽啊啊啊啊啊好爽啊啊啊啊啊好爽啊啊啊啊啊好爽啊啊啊啊啊好爽啊啊啊啊啊好爽啊啊啊啊啊好爽啊啊啊啊啊好爽啊啊啊啊啊好爽啊啊啊啊啊好爽啊啊啊啊啊好爽啊啊啊啊啊好爽啊啊啊啊啊好爽啊啊啊啊啊好爽啊啊啊啊啊好爽啊啊啊啊啊好爽啊啊啊啊啊好爽啊啊啊啊啊好爽啊啊啊啊啊好爽啊啊啊啊啊好爽啊啊啊啊啊好爽啊啊啊啊啊好爽啊啊啊啊啊好爽啊啊啊啊啊好爽啊啊啊啊啊好爽啊啊啊啊啊好爽啊啊啊啊啊好爽啊啊啊啊啊好爽啊啊啊啊啊好爽啊啊啊啊啊好爽啊啊啊啊啊好爽啊啊啊啊啊好爽啊啊啊啊啊好爽啊啊啊啊啊好爽啊啊啊啊啊好爽啊啊啊啊啊好爽啊啊啊啊啊好爽啊啊啊啊啊好爽啊啊啊啊啊好爽啊啊啊啊啊好爽啊啊啊啊啊好爽啊啊啊啊啊好爽啊啊啊啊啊好爽啊啊啊啊啊好爽啊啊啊啊啊好爽啊啊啊啊啊好爽啊啊啊啊啊好爽啊啊啊啊啊好爽啊啊啊啊啊好爽啊啊啊啊啊好爽啊啊啊啊啊好爽啊啊啊啊啊好爽啊啊啊啊啊好爽啊啊啊啊啊好爽啊啊啊啊啊好爽啊啊啊啊啊好爽啊啊啊啊啊好爽啊啊啊啊啊好爽啊啊啊啊啊好爽啊啊啊啊啊好爽啊啊啊啊啊好爽啊啊啊啊啊好爽啊啊啊啊啊好爽啊啊啊啊啊好爽啊啊啊啊啊好爽啊啊啊啊啊好爽啊啊啊啊啊好爽啊啊啊啊啊好爽啊啊啊啊啊好爽啊啊啊啊啊好爽啊啊啊啊啊好爽啊啊啊啊啊好爽啊啊啊啊啊好爽啊啊啊啊啊好爽啊啊啊啊啊好爽啊啊啊啊啊好爽啊啊啊啊啊好爽啊啊啊啊啊好爽啊啊啊啊啊好爽啊啊啊啊啊好爽啊啊啊啊啊好爽啊啊啊啊啊好爽啊啊啊啊啊好爽啊啊啊啊啊好爽啊啊啊啊啊好爽啊啊啊啊啊好爽啊啊啊啊啊好爽啊啊啊啊啊好爽啊啊啊啊啊好爽啊啊啊啊啊好爽啊啊啊啊啊好爽啊啊啊啊啊好爽啊啊啊啊啊好爽啊啊啊啊啊好爽啊啊啊啊啊好爽啊啊啊啊啊好爽啊啊啊啊啊', '2018-01-08 21:48:20.000000', 4, 0);
INSERT INTO `NovelChaPter` VALUES (5, '浏览测试1', '浏览测试1浏览测试1浏览测试1浏览测试1浏览测试1浏览测试1浏览测试1浏览测试1浏览测试1浏览测试1浏览测试1浏览测试1浏览测试1浏览测试1浏览测试1浏览测试1浏览测试1浏览测试1浏览测试1浏览测试1浏览测试1浏览测试1浏览测试1浏览测试1浏览测试1浏览测试1浏览测试1浏览测试1浏览测试1浏览测试1浏览测试1', '2018-01-09 10:56:03.000000', 6, 0);
INSERT INTO `NovelChaPter` VALUES (6, '浏览测试2', '浏览测试2浏览测试2浏览测试2浏览测试2浏览测试2浏览测试2浏览测试2浏览测试2浏览测试2浏览测试2浏览测试2浏览测试2浏览测试2浏览测试2浏览测试2浏览测试2浏览测试2浏览测试2浏览测试2浏览测试2浏览测试2浏览测试2浏览测试2浏览测试2浏览测试2浏览测试2浏览测试2浏览测试2浏览测试2浏览测试2', '2018-01-09 10:56:22.000000', 7, 0);
INSERT INTO `NovelChaPter` VALUES (7, '浏览测试3', '浏览测试2浏览测试2浏览测试2浏览测试2浏览测试2浏览测试2浏览测试2浏览测试2浏览测试2浏览测试2浏览测试2浏览测试2浏览测试2浏览测试2浏览测试2浏览测试2浏览测试2浏览测试2浏览测试2浏览测试2浏览测试2浏览测试2浏览测试2浏览测试2浏览测试2浏览测试2浏览测试2浏览测试2浏览测试2浏览测试2浏览测试2浏览测试2浏览测试2浏览测试2浏览测试2浏览测试2浏览测试2浏览测试2浏览测试2', '2018-01-09 10:56:34.000000', 8, 0);
INSERT INTO `NovelChaPter` VALUES (8, '浏览测试4', '浏览测试4浏览测试4浏览测试4浏览测试4浏览测试4浏览测试4浏览测试4浏览测试4浏览测试4浏览测试4浏览测试4浏览测试4浏览测试4浏览测试4浏览测试4浏览测试4浏览测试4浏览测试4', '2018-01-09 10:56:49.000000', 9, 0);
INSERT INTO `NovelChaPter` VALUES (9, '浏览测试5', '浏览测试5浏览测试5浏览测试5浏览测试5浏览测试5浏览测试5浏览测试5浏览测试5浏览测试5浏览测试5浏览测试5浏览测试5浏览测试5浏览测试5浏览测试5浏览测试5浏览测试5浏览测试5浏览测试5浏览测试5浏览测试5浏览测试5浏览测试5浏览测试5浏览测试5浏览测试5浏览测试5浏览测试5浏览测试5浏览测试5浏览测试5浏览测试5浏览测试5浏览测试5浏览测试5', '2018-01-09 10:57:00.000000', 10, 0);
INSERT INTO `NovelChaPter` VALUES (10, '章节222222222', '章节222222222章节222222222章节222222222章节222222222章节222222222章节222222222章节222222222章节222222222章节222222222章节222222222章节222222222章节222222222章节222222222章节222222222章节222222222章节222222222章节222222222章节222222222章节222222222章节222222222章节222222222章节222222222章节222222222章节222222222章节222222222章节222222222章节222222222章节222222222章节222222222章节222222222章节222222222章节222222222章节222222222章节222222222章节222222222章节222222222章节222222222章节222222222章节222222222章节222222222章节222222222章节222222222章节222222222章节222222222章节222222222章节222222222章节222222222章节222222222章节222222222章节222222222章节222222222章节222222222章节222222222章节222222222章节222222222章节222222222章节222222222', '2018-01-10 02:38:19.000000', 2, 2);
INSERT INTO `NovelChaPter` VALUES (11, '章节3', '章节3章节3章节3章节3章节3章节3章节3章节3章节3章节3章节3章节3章节3章节3章节3章节3章节3章节3章节3章节3章节3章节3章节3章节3章节3章节3章节3章节3章节3章节3章节3章节3章节3', '2018-01-10 12:13:08.000000', 2, 3);
INSERT INTO `NovelChaPter` VALUES (12, '章节4', '章节4章节4章节4章节4章节4章节4章节4章节4章节4章节4章节4章节4章节4章节4章节4章节4章节4章节4章节4章节4章节4章节4章节4章节4章节4章节4章节4章节4章节4章节4章节4章节4章节4章节4章节4章节4章节4章节4章节4章节4章节4章节4章节4章节4章节4章节4章节4章节4章节4章节4章节4章节4章节4章节4章节4', '2018-01-10 12:13:08.000000', 2, 4);
INSERT INTO `NovelChaPter` VALUES (13, '章节5', '章节5章节5章节5章节5章节5章节5章节5章节5章节5章节5章节5章节5章节5章节5章节5章节5章节5章节5章节5章节5章节5章节5章节5章节5章节5章节5章节5章节5章节5章节5章节5章节5章节5章节5章节5章节5章节5章节5章节5章节5章节5章节5章节5章节5章节5章节5章节5章节5章节5章节5章节5章节5章节5章节5章节5章节5', '2018-01-10 12:13:08.000000', 2, 5);
INSERT INTO `NovelChaPter` VALUES (14, '章节6', '章节6章节6章节6章节6章节6章节6章节6章节6章节6章节6章节6章节6章节6章节6章节6章节6章节6章节6章节6章节6章节6章节6章节6章节6章节6章节6章节6章节6章节6章节6章节6章节6章节6章节6章节6章节6章节6章节6章节6章节6章节6章节6章节6章节6章节6章节6章节6章节6章节6章节6章节6章节6章节6章节6章节6章节6章节6章节6章节6章节6章节6章节6章节6章节6章节6章节6', '2018-01-10 12:13:08.000000', 2, 6);
INSERT INTO `NovelChaPter` VALUES (15, '章节7', '章节7章节7章节7章节7章节7章节7章节7章节7章节7章节7章节7章节7章节7章节7章节7章节7章节7章节7章节7章节7章节7章节7章节7章节7章节7章节7章节7章节7章节7章节7章节7章节7章节7章节7章节7章节7章节7章节7章节7章节7章节7章节7章节7章节7章节7章节7章节7章节7章节7章节7章节7章节7章节7', '2018-01-10 12:13:08.000000', 2, 7);
INSERT INTO `NovelChaPter` VALUES (16, '章节8', '章节7章节7章节7章节7章节7章节7章节7章节7章节7章节7章节7章节7章节7章节7章节7章节7章节7章节7章节7章节7章节7章节7章节7章节7章节7章节7章节7章节7章节7章节7章节7章节7章节7章节7章节7章节7章节7章节7章节7章节7章节7章节7章节7章节7章节7章节7章节7章节7章节7章节7章节7章节7章节7章节7章节7章节7章节7章节7章节7章节7章节7章节7章节7章节7章节7章节7章节7章节7章节7章节7章节7章节7章节7章节7章节7章节7章节7章节7章节7章节7章节7章节7章节7章节7', '2018-01-10 12:13:08.000000', 2, 8);
INSERT INTO `NovelChaPter` VALUES (17, '章节9', '章节9章节9章节9章节9章节9章节9章节9章节9章节9章节9章节9章节9章节9章节9章节9章节9章节9章节9章节9章节9章节9章节9章节9章节9章节9章节9章节9章节9章节9章节9章节9章节9章节9章节9章节9章节9章节9章节9章节9章节9章节9章节9章节9章节9章节9章节9章节9章节9章节9章节9章节9章节9章节9章节9章节9章节9章节9章节9章节9章节9章节9章节9章节9章节9章节9章节9章节9章节9章节9章节9章节9章节9章节9章节9章节9章节9章节9章节9章节9章节9章节9章节9章节9章节9章节9章节9章节9章节9章节9章节9章节9', '2018-01-10 12:13:08.000000', 2, 9);
INSERT INTO `NovelChaPter` VALUES (18, '章节10', '章节10章节10章节10章节10章节10章节10章节10章节10章节10章节10章节10章节10章节10章节10章节10章节10章节10章节10章节10章节10章节10章节10章节10章节10章节10章节10章节10章节10章节10章节10章节10章节10章节10章节10章节10章节10章节10章节10章节10章节10章节10章节10章节10章节10章节10章节10章节10章节10章节10章节10章节10章节10章节10章节10章节10章节10章节10章节10章节10章节10章节10章节10章节10章节10章节10章节10章节10章节10章节10章节10章节10章节10章节10章节10章节10章节10章节10章节10章节10章节10章节10章节10章节10章节10章节10章节10章节10章节10章节10章节10章节10章节10章节10章节10章节10章节10章节10章节10章节10章节10章节10章节10章节10章节10章节10章节10章节10章节10章节10章节10章节10章节10章节10章节10章节10章节10', '2018-01-10 12:13:08.000000', 2, 10);
INSERT INTO `NovelChaPter` VALUES (19, '章节11', '章节11章节11章节11章节11章节11章节11章节11章节11章节11章节11章节11章节11章节11章节11章节11章节11章节11章节11章节11章节11章节11章节11章节11章节11章节11章节11章节11章节11章节11章节11章节11章节11章节11章节11章节11章节11章节11章节11章节11章节11章节11章节11章节11章节11章节11章节11章节11章节11章节11章节11章节11章节11章节11章节11章节11章节11章节11章节11章节11章节11章节11章节11章节11章节11章节11章节11章节11章节11章节11章节11章节11章节11章节11章节11章节11章节11章节11', '2018-01-10 12:13:08.000000', 2, 11);
INSERT INTO `NovelChaPter` VALUES (20, '章节12', '章节12章节12章节12章节12章节12章节12章节12章节12章节12章节12章节12章节12章节12章节12章节12章节12章节12章节12章节12章节12章节12章节12章节12章节12章节12章节12章节12章节12章节12章节12章节12章节12章节12章节12章节12章节12章节12章节12章节12章节12章节12章节12章节12章节12章节12章节12章节12章节12章节12章节12章节12章节12章节12章节12章节12章节12章节12章节12章节12章节12章节12章节12章节12章节12章节12章节12章节12章节12章节12章节12章节12章节12章节12章节12章节12章节12章节12章节12章节12章节12章节12章节12章节12章节12章节12章节12章节12章节12章节12章节12章节12章节12章节12章节12章节12章节12章节12章节12章节12章节12章节12章节12章节12章节12章节12章节12', '2018-01-10 12:13:08.000000', 2, 12);
INSERT INTO `NovelChaPter` VALUES (21, '章节13', '章节13章节13章节13章节13章节13章节13章节13章节13章节13章节13章节13章节13章节13章节13章节13章节13章节13章节13章节13章节13章节13章节13章节13章节13章节13章节13章节13章节13章节13章节13章节13章节13章节13章节13章节13章节13章节13章节13章节13章节13章节13章节13章节13章节13章节13章节13章节13章节13章节13章节13章节13章节13章节13章节13章节13章节13章节13章节13章节13章节13章节13章节13章节13章节13章节13章节13章节13章节13章节13章节13章节13章节13章节13章节13章节13章节13章节13章节13章节13章节13章节13章节13章节13章节13章节13章节13章节13章节13章节13章节13章节13章节13章节13章节13章节13章节13章节13章节13章节13章节13章节13章节13章节13章节13章节13章节13章节13章节13章节13章节13章节13章节13章节13章节13章节13章节13章节13章节13章节13章节13章节13章节13章节13章节13章节13章节13章节13', '2018-01-10 12:13:08.000000', 2, 13);
INSERT INTO `NovelChaPter` VALUES (22, '章节14', '章节14章节14章节14章节14章节14章节14章节14章节14章节14章节14章节14章节14章节14章节14章节14章节14章节14章节14章节14章节14章节14章节14章节14章节14章节14章节14章节14章节14章节14章节14章节14章节14章节14章节14章节14章节14章节14章节14章节14章节14章节14章节14章节14章节14章节14章节14章节14章节14章节14章节14章节14章节14章节14章节14章节14章节14章节14章节14章节14章节14章节14章节14章节14章节14章节14章节14章节14章节14章节14章节14章节14章节14章节14章节14章节14章节14章节14章节14章节14章节14章节14章节14章节14章节14章节14章节14章节14章节14章节14章节14章节14章节14章节14章节14章节14章节14章节14章节14章节14', '2018-01-10 12:13:08.000000', 2, 14);
INSERT INTO `NovelChaPter` VALUES (23, '章节15', '章节15章节15章节15章节15章节15章节15章节15章节15章节15章节15章节15章节15章节15章节15章节15章节15章节15章节15章节15章节15章节15章节15章节15章节15章节15章节15章节15章节15章节15章节15章节15章节15章节15章节15章节15章节15章节15章节15章节15章节15章节15章节15章节15章节15章节15章节15章节15章节15章节15章节15章节15章节15章节15章节15章节15章节15章节15章节15章节15章节15章节15章节15章节15章节15章节15章节15章节15章节15章节15章节15章节15章节15章节15章节15章节15章节15章节15章节15章节15章节15章节15章节15章节15章节15章节15章节15章节15章节15章节15章节15章节15章节15章节15章节15章节15章节15章节15章节15章节15章节15章节15章节15章节15章节15章节15章节15章节15章节15章节15章节15章节15章节15章节15', '2018-01-10 12:13:08.000000', 2, 15);
INSERT INTO `NovelChaPter` VALUES (24, '章节16', '章节16章节16章节16章节16章节16章节16章节16章节16章节16章节16章节16章节16章节16章节16章节16章节16章节16章节16章节16章节16章节16章节16章节16章节16章节16章节16章节16章节16章节16章节16章节16章节16章节16章节16章节16章节16章节16章节16章节16章节16章节16章节16章节16章节16章节16章节16章节16章节16章节16章节16章节16章节16章节16章节16章节16章节16章节16章节16章节16章节16章节16章节16章节16章节16章节16章节16章节16章节16章节16章节16章节16章节16章节16章节16章节16章节16章节16章节16章节16章节16章节16章节16章节16章节16章节16章节16章节16章节16章节16章节16章节16章节16章节16章节16章节16章节16章节16章节16章节16章节16章节16章节16章节16章节16章节16章节16章节16章节16章节16章节16章节16章节16章节16章节16章节16章节16章节16章节16章节16章节16章节16章节16章节16章节16章节16章节16章节16章节16章节16章节16章节16章节16章节16', '2018-01-10 12:13:08.000000', 2, 16);
INSERT INTO `NovelChaPter` VALUES (25, '章节17', '章节17章节17章节17章节17章节17章节17章节17章节17章节17章节17章节17章节17章节17章节17章节17章节17章节17章节17章节17章节17章节17章节17章节17章节17章节17章节17章节17章节17章节17章节17章节17章节17章节17章节17章节17章节17章节17章节17章节17章节17章节17章节17章节17章节17章节17章节17章节17章节17章节17章节17章节17章节17章节17章节17章节17章节17章节17章节17章节17章节17章节17章节17章节17章节17章节17章节17章节17章节17章节17章节17章节17章节17章节17章节17章节17章节17章节17章节17章节17章节17章节17章节17章节17章节17章节17章节17章节17章节17章节17章节17章节17章节17章节17章节17章节17章节17章节17', '2018-01-10 12:13:08.000000', 2, 17);
INSERT INTO `NovelChaPter` VALUES (26, '章节18', '章节18章节18章节18章节18章节18章节18章节18章节18章节18章节18章节18章节18章节18章节18章节18章节18章节18章节18章节18章节18章节18章节18章节18章节18章节18章节18章节18章节18章节18章节18章节18章节18章节18章节18章节18章节18章节18章节18章节18章节18章节18章节18章节18章节18章节18章节18章节18章节18章节18章节18章节18章节18章节18章节18章节18章节18章节18章节18章节18章节18章节18章节18章节18章节18章节18章节18章节18章节18章节18章节18章节18章节18章节18章节18章节18章节18章节18章节18章节18章节18章节18章节18章节18章节18章节18章节18章节18章节18章节18章节18章节18章节18章节18章节18章节18章节18章节18章节18章节18章节18章节18章节18章节18章节18章节18章节18章节18章节18章节18章节18章节18章节18章节18章节18章节18章节18章节18章节18章节18章节18章节18章节18章节18章节18章节18章节18章节18章节18章节18章节18章节18章节18章节18章节18章节18章节18章节18章节18章节18章节18章节18章节18章节18章节18章节18章节18章节18章节18章节18章节18章节18章节18章节18', '2018-01-10 12:13:08.000000', 2, 18);
INSERT INTO `NovelChaPter` VALUES (27, '章节19', '章节19章节19章节19章节19章节19章节19章节19章节19章节19章节19章节19章节19章节19章节19章节19章节19章节19章节19章节19章节19章节19章节19章节19章节19章节19章节19章节19章节19章节19章节19章节19章节19章节19章节19章节19章节19章节19章节19章节19章节19章节19章节19章节19章节19章节19章节19章节19章节19章节19章节19章节19章节19章节19章节19章节19章节19章节19章节19章节19章节19章节19章节19章节19章节19章节19章节19章节19章节19章节19章节19章节19章节19章节19章节19章节19章节19章节19章节19章节19章节19章节19章节19章节19章节19章节19章节19章节19章节19章节19章节19章节19章节19章节19章节19章节19章节19章节19章节19章节19章节19章节19章节19章节19章节19章节19章节19章节19章节19章节19章节19章节19章节19章节19章节19章节19章节19章节19章节19章节19章节19章节19章节19章节19章节19', '2018-01-10 12:13:08.000000', 2, 19);
INSERT INTO `NovelChaPter` VALUES (28, '章节20', '章节20章节20章节20章节20章节20章节20章节20章节20章节20章节20章节20章节20章节20章节20章节20章节20章节20章节20章节20章节20章节20章节20章节20章节20章节20章节20章节20章节20章节20章节20章节20章节20章节20章节20章节20章节20章节20章节20章节20章节20章节20章节20章节20章节20章节20章节20章节20章节20章节20章节20章节20章节20章节20章节20章节20章节20章节20章节20章节20章节20章节20章节20章节20章节20章节20章节20章节20章节20章节20章节20章节20章节20章节20章节20章节20章节20章节20章节20章节20章节20章节20', '2018-01-10 12:13:08.000000', 2, 20);
INSERT INTO `NovelChaPter` VALUES (29, '章节21', '章节21章节21章节21章节21章节21章节21章节21章节21章节21章节21章节21章节21章节21章节21章节21章节21章节21章节21章节21章节21章节21章节21章节21章节21章节21章节21章节21章节21章节21章节21章节21章节21章节21章节21章节21章节21章节21章节21章节21章节21章节21章节21章节21章节21章节21章节21章节21章节21章节21章节21章节21章节21章节21章节21章节21章节21章节21章节21章节21章节21章节21章节21章节21章节21章节21章节21章节21章节21章节21章节21章节21章节21章节21章节21章节21章节21章节21章节21章节21章节21章节21章节21章节21章节21章节21章节21章节21章节21章节21章节21章节21章节21章节21章节21章节21章节21章节21', '2018-01-10 12:19:00.000000', 2, 21);
INSERT INTO `NovelChaPter` VALUES (30, '章节22', '章节22章节22章节22章节22章节22章节22章节22章节22章节22章节22章节22章节22章节22章节22章节22章节22章节22章节22章节22章节22章节22章节22章节22章节22章节22章节22章节22章节22章节22章节22章节22章节22章节22章节22章节22章节22章节22章节22章节22章节22章节22章节22章节22章\r\n节22章节22章节22章节22章节22章节22章节22章节22章节22章节22章节22章节22章节22章节22章节22章节22章节22章节22章节22章节22章节22章节22章节22章节22章节22章节22章节22章节22章节22章节22章节22章节22章节22章节22章节22章节22章节22章节22章节22章节22章节22章节22章节22章节22章节22章节22章节22章节22章节22章节22章节22章节22章节22章节22章节22章节22章节22章节22章节22章节22章节22章节22章节22章节22章节22章节22章节22章节22章节22章节22章节22章节22章节22章节22章节22章节22章节22章节22章节22章节22章节22章节22章节22章节22章节22章节22章节22章节22章节22章节22章节22章节22章节22章节22章节22章节22章节22章节22章节22章节22', '2018-01-10 12:18:00.000000', 2, 22);
COMMIT;

-- ----------------------------
-- Table structure for NovelModel
-- ----------------------------
DROP TABLE IF EXISTS `NovelModel`;
CREATE TABLE `NovelModel` (
  `id` int(11) NOT NULL AUTO_INCREMENT,
  `novel_name` varchar(30) COLLATE utf8_croatian_ci DEFAULT NULL,
  `novel_image` varchar(100) COLLATE utf8_croatian_ci DEFAULT NULL,
  `novel_byte` int(11) NOT NULL,
  `novel_read` int(11) NOT NULL,
  `novel_comment` int(11) NOT NULL,
  `novel_text` longtext COLLATE utf8_croatian_ci,
  `novel_fave` int(11) NOT NULL,
  `novel_next` int(11) NOT NULL,
  `novel_time` datetime(6) NOT NULL,
  `novel_tag_id` int(11) DEFAULT NULL,
  `novel_user_id` int(11) DEFAULT NULL,
  `is_long` tinyint(1) NOT NULL,
  `novel_Recommend` tinyint(1) NOT NULL,
  `novel_alias` varchar(30) COLLATE utf8_croatian_ci,
  PRIMARY KEY (`id`),
  KEY `NovelModel_novel_tag_id_f55a530c_fk_TagModel_id` (`novel_tag_id`),
  KEY `NovelModel_novel_user_id_20f12ff1_fk_users_userprofile_id` (`novel_user_id`),
  CONSTRAINT `NovelModel_novel_tag_id_f55a530c_fk_TagModel_id` FOREIGN KEY (`novel_tag_id`) REFERENCES `TagModel` (`id`),
  CONSTRAINT `NovelModel_novel_user_id_20f12ff1_fk_users_userprofile_id` FOREIGN KEY (`novel_user_id`) REFERENCES `users_userprofile` (`id`)
) ENGINE=InnoDB AUTO_INCREMENT=19 DEFAULT CHARSET=utf8 COLLATE=utf8_croatian_ci;

-- ----------------------------
-- Records of NovelModel
-- ----------------------------
BEGIN;
INSERT INTO `NovelModel` VALUES (2, '重生陈冠佑绣嫡女', 'novel/2018/01/1475585137314-1z0p836819_hlSqgcU.jpg', 1111, 1015, 12, '他说，“死生契阔，与子成说”可十年不离不弃，却换来一纸废后诏书。他伸手揽美人入怀，却独留自己冷宫怅怀。“陛下，十年夫妻情谊，当真是不管不顾？”她看着他拂袖而去，大门掩盖。椎心之痛，剜目之恨。岂能不顾。“若有再生日，我必杀尽天下负我之人！”凤凰涅槃，重生归来。待到尘埃落地，浮华散尽，又是谁许她锦绣河山，携她看潮起潮落。“江山与我，任选一样！”“沐白，我愿为你舍弃江山....', 4, 210, '2018-01-08 21:22:04.000000', 1, 1, 1, 1, '');
INSERT INTO `NovelModel` VALUES (3, '测试收藏', 'novel/2018/01/1475585137314-1z0p836819_hlSqgcU.jpg', 1111, 1001, 12, '他说，“死生契阔，与子成说”可十年不离不弃，却换来一纸废后诏书。他伸手揽美人入怀，却独留自己冷宫怅怀。“陛下，十年夫妻情谊，当真是不管不顾？”她看着他拂袖而去，大门掩盖。椎心之痛，剜目之恨。岂能不顾。“若有再生日，我必杀尽天下负我之人！”凤凰涅槃，重生归来。待到尘埃落地，浮华散尽，又是谁许她锦绣河山，携她看潮起潮落。“江山与我，任选一样！”“沐白，我愿为你舍弃江山....', 1, 40, '2018-01-08 21:22:04.000000', 1, 1, 0, 0, '');
INSERT INTO `NovelModel` VALUES (4, '收藏测试', 'novel/2018/01/1475585137314-1z0p836819_hlSqgcU.jpg', 1111, 994, 10, '他说，“死生契阔，与子成说”可十年不离不弃，却换来一纸废后诏书。他伸手揽美人入怀，却独留自己冷宫怅怀。“陛下，十年夫妻情谊，当真是不管不顾？”她看着他拂袖而去，大门掩盖。椎心之痛，剜目之恨。岂能不顾。“若有再生日，我必杀尽天下负我之人！”凤凰涅槃，重生归来。待到尘埃落地，浮华散尽，又是谁许她锦绣河山，携她看潮起潮落。“江山与我，任选一样！”“沐白，我愿为你舍弃江山....', 2, 27, '2018-01-08 21:22:04.000000', 1, 1, 1, 0, '');
INSERT INTO `NovelModel` VALUES (5, '收藏测试111', 'novel/2018/01/1475585137314-1z0p836819_hlSqgcU.jpg', 1111, 990, 10, '他说，“死生契阔，与子成说”可十年不离不弃，却换来一纸废后诏书。他伸手揽美人入怀，却独留自己冷宫怅怀。“陛下，十年夫妻情谊，当真是不管不顾？”她看着他拂袖而去，大门掩盖。椎心之痛，剜目之恨。岂能不顾。“若有再生日，我必杀尽天下负我之人！”凤凰涅槃，重生归来。待到尘埃落地，浮华散尽，又是谁许她锦绣河山，携她看潮起潮落。“江山与我，任选一样！”“沐白，我愿为你舍弃江山....', 1, 19, '2018-01-08 21:22:04.000000', 1, 1, 1, 0, '');
INSERT INTO `NovelModel` VALUES (6, '浏览测试1', 'novel/2018/01/1475585137314-1z0p836819_hlSqgcU.jpg', 1111, 995, 10, '他说，“死生契阔，与子成说”可十年不离不弃，却换来一纸废后诏书。他伸手揽美人入怀，却独留自己冷宫怅怀。“陛下，十年夫妻情谊，当真是不管不顾？”她看着他拂袖而去，大门掩盖。椎心之痛，剜目之恨。岂能不顾。“若有再生日，我必杀尽天下负我之人！”凤凰涅槃，重生归来。待到尘埃落地，浮华散尽，又是谁许她锦绣河山，携她看潮起潮落。“江山与我，任选一样！”“沐白，我愿为你舍弃江山....', 1, 24, '2018-01-08 21:22:04.000000', 1, 1, 1, 0, '');
INSERT INTO `NovelModel` VALUES (7, '浏览测试2', 'novel/2018/01/1475585137314-1z0p836819_hlSqgcU.jpg', 1111, 993, 10, '他说，“死生契阔，与子成说”可十年不离不弃，却换来一纸废后诏书。他伸手揽美人入怀，却独留自己冷宫怅怀。“陛下，十年夫妻情谊，当真是不管不顾？”她看着他拂袖而去，大门掩盖。椎心之痛，剜目之恨。岂能不顾。“若有再生日，我必杀尽天下负我之人！”凤凰涅槃，重生归来。待到尘埃落地，浮华散尽，又是谁许她锦绣河山，携她看潮起潮落。“江山与我，任选一样！”“沐白，我愿为你舍弃江山....', 3, 23, '2018-01-08 21:22:04.000000', 1, 1, 1, 0, '');
INSERT INTO `NovelModel` VALUES (8, '浏览测试3', 'novel/2018/01/1475585137314-1z0p836819_hlSqgcU.jpg', 1111, 1001, 10, '他说，“死生契阔，与子成说”可十年不离不弃，却换来一纸废后诏书。他伸手揽美人入怀，却独留自己冷宫怅怀。“陛下，十年夫妻情谊，当真是不管不顾？”她看着他拂袖而去，大门掩盖。椎心之痛，剜目之恨。岂能不顾。“若有再生日，我必杀尽天下负我之人！”凤凰涅槃，重生归来。待到尘埃落地，浮华散尽，又是谁许她锦绣河山，携她看潮起潮落。“江山与我，任选一样！”“沐白，我愿为你舍弃江山....', -1, 34, '2018-01-08 21:22:04.000000', 1, 1, 1, 0, '');
INSERT INTO `NovelModel` VALUES (9, '浏览测试4', 'novel/2018/01/1475585137314-1z0p836819_hlSqgcU.jpg', 1111, 1004, 10, '他说，“死生契阔，与子成说”可十年不离不弃，却换来一纸废后诏书。他伸手揽美人入怀，却独留自己冷宫怅怀。“陛下，十年夫妻情谊，当真是不管不顾？”她看着他拂袖而去，大门掩盖。椎心之痛，剜目之恨。岂能不顾。“若有再生日，我必杀尽天下负我之人！”凤凰涅槃，重生归来。待到尘埃落地，浮华散尽，又是谁许她锦绣河山，携她看潮起潮落。“江山与我，任选一样！”“沐白，我愿为你舍弃江山....', 4, 48, '2018-01-08 21:22:04.000000', 1, 1, 1, 0, '');
INSERT INTO `NovelModel` VALUES (10, '浏览测试5', 'novel/2018/01/1475585137314-1z0p836819_hlSqgcU.jpg', 1111, 997, 10, '他说，“死生契阔，与子成说”可十年不离不弃，却换来一纸废后诏书。他伸手揽美人入怀，却独留自己冷宫怅怀。“陛下，十年夫妻情谊，当真是不管不顾？”她看着他拂袖而去，大门掩盖。椎心之痛，剜目之恨。岂能不顾。“若有再生日，我必杀尽天下负我之人！”凤凰涅槃，重生归来。待到尘埃落地，浮华散尽，又是谁许她锦绣河山，携她看潮起潮落。“江山与我，任选一样！”“沐白，我愿为你舍弃江山....', 2, 36, '2018-01-08 21:22:04.000000', 5, 2, 1, 0, '');
INSERT INTO `NovelModel` VALUES (11, '小说管理了', 'novel/2018/01/1470874881999-PHB3oO891B.png', 0, 0, 0, '郑家大小姐郑湘宁生来不讨喜，被现代武术世家同名郑湘宁桃代李僵之后，从此开启了霸气嚣张的模式，虐极品，斗渣男，霸道无耻的调戏各色美男。\r\n从此江湖上便有了一个传言，郑家大小姐是最彪悍的女子。\r\n燕王：“你是我的女人，从此你只能迷恋我！”\r\n郑湘宁勾勾手指头色眯眯的盯着燕王：“那王爷你只能在下……”', 3, 0, '2018-01-10 02:35:06.000000', 12, 1, 1, 1, '');
INSERT INTO `NovelModel` VALUES (12, '为什么我是最后呀', 'novel/2018/01/1470874881999-PHB3oO891B_LugATwa.png', 20, 0, 0, '为什么我是最后呀为什么我是最后呀为什么我是最后呀为什么我是最后呀为什么我是最后呀为什么我是最后呀为什么我是最后呀为什么我是最后呀为什么我是最后呀为什么我是最后呀为什么我是最后呀为什么我是最后呀为什么我是最后呀为什么我是最后呀为什么我是最后呀为什么我是最后呀为什么我是最后呀为什么我是最后呀为什么我是最后呀为什么我是最后呀为什么我是最后呀为什么我是最后呀为什么我是最后呀为什么我是最后呀为什么我是最后呀', 0, 0, '2018-01-10 13:51:37.000000', 1, 2, 1, 1, '我的别名');
INSERT INTO `NovelModel` VALUES (13, '王子的宠爱甜心', 'novel/2018/01/1509882181237-7m3Rhr7543.jpeg', 0, 0, 1, '①“江以沫，我错过了你这么久，这次我想陪你一辈子！”\r\n“王俊凯，你迟到了多久你知道嘛？凭什么让我等这么久？”\r\n②“我承认我之前比较花心，可这里心脏的位置却从没真正住过一个人，除了你！', 0, 3, '2018-01-16 19:54:24.000000', 12, 2, 1, 0, '高冷腹黑男主');
INSERT INTO `NovelModel` VALUES (14, '我的不良帝君', 'novel/2018/01/1510136455052-141B5U89E6.jpeg', 0, 0, 0, '姑胥又三年，先帝广发\"少帝令\"。又三年，姑胥公主顶着压力接了帝令称了帝。\r\n\r\n她本是姑胥界的护国将军，百位仙官斥责一个女子如何能在朝野仙界站住脚跟。她不服，便与这断景绝朝的国祚姑胥打赌:', 0, 0, '2018-01-16 19:58:36.000000', 12, 2, 1, 1, '一枪镇河山');
INSERT INTO `NovelModel` VALUES (15, '王子的宠爱甜心1', 'novel/2018/01/1509882181237-7m3Rhr7543.jpeg', 0, 0, 0, '①“江以沫，我错过了你这么久，这次我想陪你一辈子！”\r\n“王俊凯，你迟到了多久你知道嘛？凭什么让我等这么久？”\r\n②“我承认我之前比较花心，可这里心脏的位置却从没真正住过一个人，除了你！', 0, 3, '2018-01-16 19:54:24.000000', 12, 2, 1, 0, '高冷腹黑男主');
INSERT INTO `NovelModel` VALUES (16, '我的不良帝君2', 'novel/2018/01/1510136455052-141B5U89E6.jpeg', 0, 0, 1, '姑胥又三年，先帝广发\"少帝令\"。又三年，姑胥公主顶着压力接了帝令称了帝。\r\n\r\n她本是姑胥界的护国将军，百位仙官斥责一个女子如何能在朝野仙界站住脚跟。她不服，便与这断景绝朝的国祚姑胥打赌:', 0, 6, '2018-01-16 19:58:36.000000', 12, 2, 1, 1, '一枪镇河山');
INSERT INTO `NovelModel` VALUES (17, '王子的宠爱甜心3', 'novel/2018/01/1509882181237-7m3Rhr7543.jpeg', 0, 0, 0, '①“江以沫，我错过了你这么久，这次我想陪你一辈子！”\r\n“王俊凯，你迟到了多久你知道嘛？凭什么让我等这么久？”\r\n②“我承认我之前比较花心，可这里心脏的位置却从没真正住过一个人，除了你！', 0, 1110, '2018-01-16 19:54:24.000000', 12, 2, 1, 0, '高冷腹黑男主');
INSERT INTO `NovelModel` VALUES (18, '我的不良帝君4', 'novel/2018/01/1510136455052-141B5U89E6.jpeg', 0, 0, 1, '姑胥又三年，先帝广发\"少帝令\"。又三年，姑胥公主顶着压力接了帝令称了帝。\r\n\r\n她本是姑胥界的护国将军，百位仙官斥责一个女子如何能在朝野仙界站住脚跟。她不服，便与这断景绝朝的国祚姑胥打赌:', 0, 6, '2018-01-16 19:58:36.000000', 12, 2, 1, 1, '一枪镇河山');
COMMIT;

-- ----------------------------
-- Table structure for ReadNovel
-- ----------------------------
DROP TABLE IF EXISTS `ReadNovel`;
CREATE TABLE `ReadNovel` (
  `id` int(11) NOT NULL AUTO_INCREMENT,
  `user_name` int(11) NOT NULL,
  `novel_name` int(11) NOT NULL,
  `novel_time` datetime(6) NOT NULL,
  `chapter_num` int(11) NOT NULL,
  PRIMARY KEY (`id`)
) ENGINE=InnoDB AUTO_INCREMENT=87 DEFAULT CHARSET=utf8 COLLATE=utf8_croatian_ci;

-- ----------------------------
-- Table structure for RechargeUser
-- ----------------------------
DROP TABLE IF EXISTS `RechargeUser`;
CREATE TABLE `RechargeUser` (
  `id` int(11) NOT NULL AUTO_INCREMENT,
  `user_name` varchar(20) COLLATE utf8_croatian_ci NOT NULL,
  `user_id` int(11) NOT NULL,
  `RechargeSum` int(11) NOT NULL,
  `RechargeRecord` datetime(6) NOT NULL,
  PRIMARY KEY (`id`)
) ENGINE=InnoDB DEFAULT CHARSET=utf8 COLLATE=utf8_croatian_ci;

-- ----------------------------
-- Table structure for TagModel
-- ----------------------------
DROP TABLE IF EXISTS `TagModel`;
CREATE TABLE `TagModel` (
  `id` int(11) NOT NULL AUTO_INCREMENT,
  `tag_name` varchar(20) COLLATE utf8_croatian_ci NOT NULL,
  `tag_id_id` int(11) NOT NULL,
  PRIMARY KEY (`id`),
  KEY `TagModel_tag_id_id_96282f4a_fk_Channel_id` (`tag_id_id`),
  CONSTRAINT `TagModel_tag_id_id_96282f4a_fk_Channel_id` FOREIGN KEY (`tag_id_id`) REFERENCES `Channel` (`id`)
) ENGINE=InnoDB AUTO_INCREMENT=18 DEFAULT CHARSET=utf8 COLLATE=utf8_croatian_ci;

-- ----------------------------
-- Records of TagModel
-- ----------------------------
BEGIN;
INSERT INTO `TagModel` VALUES (1, '玄幻', 1);
INSERT INTO `TagModel` VALUES (2, '都市', 1);
INSERT INTO `TagModel` VALUES (3, '仙侠', 1);
INSERT INTO `TagModel` VALUES (4, '灵异', 1);
INSERT INTO `TagModel` VALUES (5, '游戏', 1);
INSERT INTO `TagModel` VALUES (6, '科幻', 1);
INSERT INTO `TagModel` VALUES (7, '奇幻', 1);
INSERT INTO `TagModel` VALUES (8, '历史', 1);
INSERT INTO `TagModel` VALUES (9, '竞技', 1);
INSERT INTO `TagModel` VALUES (10, '轻小说', 1);
INSERT INTO `TagModel` VALUES (11, '短篇', 1);
INSERT INTO `TagModel` VALUES (12, '古代言情', 2);
INSERT INTO `TagModel` VALUES (13, '玄幻言情', 2);
INSERT INTO `TagModel` VALUES (14, '都市言情', 2);
INSERT INTO `TagModel` VALUES (15, 'TFBOYS', 2);
INSERT INTO `TagModel` VALUES (16, 'EXO', 2);
INSERT INTO `TagModel` VALUES (17, '明星同人', 2);
COMMIT;

-- ----------------------------
-- Table structure for auth_group
-- ----------------------------
DROP TABLE IF EXISTS `auth_group`;
CREATE TABLE `auth_group` (
  `id` int(11) NOT NULL AUTO_INCREMENT,
  `name` varchar(80) COLLATE utf8_croatian_ci NOT NULL,
  PRIMARY KEY (`id`),
  UNIQUE KEY `name` (`name`)
) ENGINE=InnoDB DEFAULT CHARSET=utf8 COLLATE=utf8_croatian_ci;

-- ----------------------------
-- Table structure for auth_group_permissions
-- ----------------------------
DROP TABLE IF EXISTS `auth_group_permissions`;
CREATE TABLE `auth_group_permissions` (
  `id` int(11) NOT NULL AUTO_INCREMENT,
  `group_id` int(11) NOT NULL,
  `permission_id` int(11) NOT NULL,
  PRIMARY KEY (`id`),
  UNIQUE KEY `auth_group_permissions_group_id_permission_id_0cd325b0_uniq` (`group_id`,`permission_id`),
  KEY `auth_group_permissio_permission_id_84c5c92e_fk_auth_perm` (`permission_id`),
  CONSTRAINT `auth_group_permissio_permission_id_84c5c92e_fk_auth_perm` FOREIGN KEY (`permission_id`) REFERENCES `auth_permission` (`id`),
  CONSTRAINT `auth_group_permissions_group_id_b120cbf9_fk_auth_group_id` FOREIGN KEY (`group_id`) REFERENCES `auth_group` (`id`)
) ENGINE=InnoDB DEFAULT CHARSET=utf8 COLLATE=utf8_croatian_ci;

-- ----------------------------
-- Table structure for auth_permission
-- ----------------------------
DROP TABLE IF EXISTS `auth_permission`;
CREATE TABLE `auth_permission` (
  `id` int(11) NOT NULL AUTO_INCREMENT,
  `name` varchar(255) COLLATE utf8_croatian_ci NOT NULL,
  `content_type_id` int(11) NOT NULL,
  `codename` varchar(100) COLLATE utf8_croatian_ci NOT NULL,
  PRIMARY KEY (`id`),
  UNIQUE KEY `auth_permission_content_type_id_codename_01ab375a_uniq` (`content_type_id`,`codename`),
  CONSTRAINT `auth_permission_content_type_id_2f476e4b_fk_django_co` FOREIGN KEY (`content_type_id`) REFERENCES `django_content_type` (`id`)
) ENGINE=InnoDB AUTO_INCREMENT=125 DEFAULT CHARSET=utf8 COLLATE=utf8_croatian_ci;

-- ----------------------------
-- Records of auth_permission
-- ----------------------------
BEGIN;
INSERT INTO `auth_permission` VALUES (1, 'Can add log entry', 1, 'add_logentry');
INSERT INTO `auth_permission` VALUES (2, 'Can change log entry', 1, 'change_logentry');
INSERT INTO `auth_permission` VALUES (3, 'Can delete log entry', 1, 'delete_logentry');
INSERT INTO `auth_permission` VALUES (4, 'Can view log entry', 1, 'view_logentry');
INSERT INTO `auth_permission` VALUES (5, 'Can add permission', 2, 'add_permission');
INSERT INTO `auth_permission` VALUES (6, 'Can change permission', 2, 'change_permission');
INSERT INTO `auth_permission` VALUES (7, 'Can delete permission', 2, 'delete_permission');
INSERT INTO `auth_permission` VALUES (8, 'Can add group', 3, 'add_group');
INSERT INTO `auth_permission` VALUES (9, 'Can change group', 3, 'change_group');
INSERT INTO `auth_permission` VALUES (10, 'Can delete group', 3, 'delete_group');
INSERT INTO `auth_permission` VALUES (11, 'Can view group', 3, 'view_group');
INSERT INTO `auth_permission` VALUES (12, 'Can view permission', 2, 'view_permission');
INSERT INTO `auth_permission` VALUES (13, 'Can add content type', 4, 'add_contenttype');
INSERT INTO `auth_permission` VALUES (14, 'Can change content type', 4, 'change_contenttype');
INSERT INTO `auth_permission` VALUES (15, 'Can delete content type', 4, 'delete_contenttype');
INSERT INTO `auth_permission` VALUES (16, 'Can view content type', 4, 'view_contenttype');
INSERT INTO `auth_permission` VALUES (17, 'Can add session', 5, 'add_session');
INSERT INTO `auth_permission` VALUES (18, 'Can change session', 5, 'change_session');
INSERT INTO `auth_permission` VALUES (19, 'Can delete session', 5, 'delete_session');
INSERT INTO `auth_permission` VALUES (20, 'Can view session', 5, 'view_session');
INSERT INTO `auth_permission` VALUES (21, 'Can add 用户信息', 6, 'add_userprofile');
INSERT INTO `auth_permission` VALUES (22, 'Can change 用户信息', 6, 'change_userprofile');
INSERT INTO `auth_permission` VALUES (23, 'Can delete 用户信息', 6, 'delete_userprofile');
INSERT INTO `auth_permission` VALUES (24, 'Can add 收藏的作者', 7, 'add_author');
INSERT INTO `auth_permission` VALUES (25, 'Can change 收藏的作者', 7, 'change_author');
INSERT INTO `auth_permission` VALUES (26, 'Can delete 收藏的作者', 7, 'delete_author');
INSERT INTO `auth_permission` VALUES (27, 'Can add 收藏的小说', 8, 'add_collection');
INSERT INTO `auth_permission` VALUES (28, 'Can change 收藏的小说', 8, 'change_collection');
INSERT INTO `auth_permission` VALUES (29, 'Can delete 收藏的小说', 8, 'delete_collection');
INSERT INTO `auth_permission` VALUES (30, 'Can add 邮箱验证码', 9, 'add_emailverifyrecord');
INSERT INTO `auth_permission` VALUES (31, 'Can change 邮箱验证码', 9, 'change_emailverifyrecord');
INSERT INTO `auth_permission` VALUES (32, 'Can delete 邮箱验证码', 9, 'delete_emailverifyrecord');
INSERT INTO `auth_permission` VALUES (33, 'Can add 用户消息', 10, 'add_messages');
INSERT INTO `auth_permission` VALUES (34, 'Can change 用户消息', 10, 'change_messages');
INSERT INTO `auth_permission` VALUES (35, 'Can delete 用户消息', 10, 'delete_messages');
INSERT INTO `auth_permission` VALUES (36, 'Can add 阅读记录', 11, 'add_readnovel');
INSERT INTO `auth_permission` VALUES (37, 'Can change 阅读记录', 11, 'change_readnovel');
INSERT INTO `auth_permission` VALUES (38, 'Can delete 阅读记录', 11, 'delete_readnovel');
INSERT INTO `auth_permission` VALUES (39, 'Can add 充值记录', 12, 'add_rechargeuser');
INSERT INTO `auth_permission` VALUES (40, 'Can change 充值记录', 12, 'change_rechargeuser');
INSERT INTO `auth_permission` VALUES (41, 'Can delete 充值记录', 12, 'delete_rechargeuser');
INSERT INTO `auth_permission` VALUES (42, 'Can add 管理员信息', 6, 'add_adminpro');
INSERT INTO `auth_permission` VALUES (43, 'Can change 管理员信息', 6, 'change_adminpro');
INSERT INTO `auth_permission` VALUES (44, 'Can delete 管理员信息', 6, 'delete_adminpro');
INSERT INTO `auth_permission` VALUES (45, 'Can view 管理员信息', 13, 'view_adminpro');
INSERT INTO `auth_permission` VALUES (46, 'Can view 收藏的作者', 7, 'view_author');
INSERT INTO `auth_permission` VALUES (47, 'Can view 收藏的小说', 8, 'view_collection');
INSERT INTO `auth_permission` VALUES (48, 'Can view 邮箱验证码', 9, 'view_emailverifyrecord');
INSERT INTO `auth_permission` VALUES (49, 'Can view 用户消息', 10, 'view_messages');
INSERT INTO `auth_permission` VALUES (50, 'Can view 阅读记录', 11, 'view_readnovel');
INSERT INTO `auth_permission` VALUES (51, 'Can view 充值记录', 12, 'view_rechargeuser');
INSERT INTO `auth_permission` VALUES (52, 'Can view 用户信息', 6, 'view_userprofile');
INSERT INTO `auth_permission` VALUES (53, 'Can add Bookmark', 14, 'add_bookmark');
INSERT INTO `auth_permission` VALUES (54, 'Can change Bookmark', 14, 'change_bookmark');
INSERT INTO `auth_permission` VALUES (55, 'Can delete Bookmark', 14, 'delete_bookmark');
INSERT INTO `auth_permission` VALUES (56, 'Can add log entry', 15, 'add_log');
INSERT INTO `auth_permission` VALUES (57, 'Can change log entry', 15, 'change_log');
INSERT INTO `auth_permission` VALUES (58, 'Can delete log entry', 15, 'delete_log');
INSERT INTO `auth_permission` VALUES (59, 'Can add User Setting', 16, 'add_usersettings');
INSERT INTO `auth_permission` VALUES (60, 'Can change User Setting', 16, 'change_usersettings');
INSERT INTO `auth_permission` VALUES (61, 'Can delete User Setting', 16, 'delete_usersettings');
INSERT INTO `auth_permission` VALUES (62, 'Can add User Widget', 17, 'add_userwidget');
INSERT INTO `auth_permission` VALUES (63, 'Can change User Widget', 17, 'change_userwidget');
INSERT INTO `auth_permission` VALUES (64, 'Can delete User Widget', 17, 'delete_userwidget');
INSERT INTO `auth_permission` VALUES (65, 'Can view Bookmark', 14, 'view_bookmark');
INSERT INTO `auth_permission` VALUES (66, 'Can view log entry', 15, 'view_log');
INSERT INTO `auth_permission` VALUES (67, 'Can view User Setting', 16, 'view_usersettings');
INSERT INTO `auth_permission` VALUES (68, 'Can view User Widget', 17, 'view_userwidget');
INSERT INTO `auth_permission` VALUES (69, 'Can add 频道管理', 18, 'add_channel');
INSERT INTO `auth_permission` VALUES (70, 'Can change 频道管理', 18, 'change_channel');
INSERT INTO `auth_permission` VALUES (71, 'Can delete 频道管理', 18, 'delete_channel');
INSERT INTO `auth_permission` VALUES (72, 'Can add 章节管理', 19, 'add_novelchapter');
INSERT INTO `auth_permission` VALUES (73, 'Can change 章节管理', 19, 'change_novelchapter');
INSERT INTO `auth_permission` VALUES (74, 'Can delete 章节管理', 19, 'delete_novelchapter');
INSERT INTO `auth_permission` VALUES (75, 'Can add 小说管理', 20, 'add_novelmodel');
INSERT INTO `auth_permission` VALUES (76, 'Can change 小说管理', 20, 'change_novelmodel');
INSERT INTO `auth_permission` VALUES (77, 'Can delete 小说管理', 20, 'delete_novelmodel');
INSERT INTO `auth_permission` VALUES (78, 'Can add 类别管理', 21, 'add_tagmodel');
INSERT INTO `auth_permission` VALUES (79, 'Can change 类别管理', 21, 'change_tagmodel');
INSERT INTO `auth_permission` VALUES (80, 'Can delete 类别管理', 21, 'delete_tagmodel');
INSERT INTO `auth_permission` VALUES (81, 'Can view 频道管理', 18, 'view_channel');
INSERT INTO `auth_permission` VALUES (82, 'Can view 章节管理', 19, 'view_novelchapter');
INSERT INTO `auth_permission` VALUES (83, 'Can view 小说管理', 20, 'view_novelmodel');
INSERT INTO `auth_permission` VALUES (84, 'Can view 类别管理', 21, 'view_tagmodel');
INSERT INTO `auth_permission` VALUES (85, 'Can add captcha store', 22, 'add_captchastore');
INSERT INTO `auth_permission` VALUES (86, 'Can change captcha store', 22, 'change_captchastore');
INSERT INTO `auth_permission` VALUES (87, 'Can delete captcha store', 22, 'delete_captchastore');
INSERT INTO `auth_permission` VALUES (88, 'Can view captcha store', 22, 'view_captchastore');
INSERT INTO `auth_permission` VALUES (89, 'Can add 签约作者', 6, 'add_singuser');
INSERT INTO `auth_permission` VALUES (90, 'Can change 签约作者', 6, 'change_singuser');
INSERT INTO `auth_permission` VALUES (91, 'Can delete 签约作者', 6, 'delete_singuser');
INSERT INTO `auth_permission` VALUES (92, 'Can view 签约作者', 23, 'view_singuser');
INSERT INTO `auth_permission` VALUES (93, 'Can add 标签合集', 24, 'add_article');
INSERT INTO `auth_permission` VALUES (94, 'Can change 标签合集', 24, 'change_article');
INSERT INTO `auth_permission` VALUES (95, 'Can delete 标签合集', 24, 'delete_article');
INSERT INTO `auth_permission` VALUES (96, 'Can add 标签管理', 25, 'add_tage');
INSERT INTO `auth_permission` VALUES (97, 'Can change 标签管理', 25, 'change_tage');
INSERT INTO `auth_permission` VALUES (98, 'Can delete 标签管理', 25, 'delete_tage');
INSERT INTO `auth_permission` VALUES (99, 'Can view 标签合集', 24, 'view_article');
INSERT INTO `auth_permission` VALUES (100, 'Can view 标签管理', 25, 'view_tage');
INSERT INTO `auth_permission` VALUES (101, 'Can add Tag', 26, 'add_tag');
INSERT INTO `auth_permission` VALUES (102, 'Can change Tag', 26, 'change_tag');
INSERT INTO `auth_permission` VALUES (103, 'Can delete Tag', 26, 'delete_tag');
INSERT INTO `auth_permission` VALUES (104, 'Can add Tagged Item', 27, 'add_taggeditem');
INSERT INTO `auth_permission` VALUES (105, 'Can change Tagged Item', 27, 'change_taggeditem');
INSERT INTO `auth_permission` VALUES (106, 'Can delete Tagged Item', 27, 'delete_taggeditem');
INSERT INTO `auth_permission` VALUES (107, 'Can view Tag', 26, 'view_tag');
INSERT INTO `auth_permission` VALUES (108, 'Can view Tagged Item', 27, 'view_taggeditem');
INSERT INTO `auth_permission` VALUES (109, 'Can add 用户评论', 28, 'add_commentmodels');
INSERT INTO `auth_permission` VALUES (110, 'Can change 用户评论', 28, 'change_commentmodels');
INSERT INTO `auth_permission` VALUES (111, 'Can delete 用户评论', 28, 'delete_commentmodels');
INSERT INTO `auth_permission` VALUES (112, 'Can view 用户评论', 28, 'view_commentmodels');
INSERT INTO `auth_permission` VALUES (113, 'Can add blog content', 29, 'add_blogcontent');
INSERT INTO `auth_permission` VALUES (114, 'Can change blog content', 29, 'change_blogcontent');
INSERT INTO `auth_permission` VALUES (115, 'Can delete blog content', 29, 'delete_blogcontent');
INSERT INTO `auth_permission` VALUES (116, 'Can view blog content', 29, 'view_blogcontent');
INSERT INTO `auth_permission` VALUES (117, 'Can add 广告管理', 30, 'add_indexadview');
INSERT INTO `auth_permission` VALUES (118, 'Can change 广告管理', 30, 'change_indexadview');
INSERT INTO `auth_permission` VALUES (119, 'Can delete 广告管理', 30, 'delete_indexadview');
INSERT INTO `auth_permission` VALUES (120, 'Can view 广告管理', 30, 'view_indexadview');
INSERT INTO `auth_permission` VALUES (121, 'Can add 小说展示', 31, 'add_indexnovel');
INSERT INTO `auth_permission` VALUES (122, 'Can change 小说展示', 31, 'change_indexnovel');
INSERT INTO `auth_permission` VALUES (123, 'Can delete 小说展示', 31, 'delete_indexnovel');
INSERT INTO `auth_permission` VALUES (124, 'Can view 小说展示', 31, 'view_indexnovel');
COMMIT;

-- ----------------------------
-- Table structure for captcha_captchastore
-- ----------------------------
DROP TABLE IF EXISTS `captcha_captchastore`;
CREATE TABLE `captcha_captchastore` (
  `id` int(11) NOT NULL AUTO_INCREMENT,
  `challenge` varchar(32) COLLATE utf8_croatian_ci NOT NULL,
  `response` varchar(32) COLLATE utf8_croatian_ci NOT NULL,
  `hashkey` varchar(40) COLLATE utf8_croatian_ci NOT NULL,
  `expiration` datetime(6) NOT NULL,
  PRIMARY KEY (`id`),
  UNIQUE KEY `hashkey` (`hashkey`)
) ENGINE=InnoDB DEFAULT CHARSET=utf8 COLLATE=utf8_croatian_ci;

-- ----------------------------
-- Table structure for django_admin_log
-- ----------------------------
DROP TABLE IF EXISTS `django_admin_log`;
CREATE TABLE `django_admin_log` (
  `id` int(11) NOT NULL AUTO_INCREMENT,
  `action_time` datetime(6) NOT NULL,
  `object_id` longtext COLLATE utf8_croatian_ci,
  `object_repr` varchar(200) COLLATE utf8_croatian_ci NOT NULL,
  `action_flag` smallint(5) unsigned NOT NULL,
  `change_message` longtext COLLATE utf8_croatian_ci NOT NULL,
  `content_type_id` int(11) DEFAULT NULL,
  `user_id` int(11) NOT NULL,
  PRIMARY KEY (`id`),
  KEY `django_admin_log_content_type_id_c4bce8eb_fk_django_co` (`content_type_id`),
  KEY `django_admin_log_user_id_c564eba6_fk_users_userprofile_id` (`user_id`),
  CONSTRAINT `django_admin_log_content_type_id_c4bce8eb_fk_django_co` FOREIGN KEY (`content_type_id`) REFERENCES `django_content_type` (`id`),
  CONSTRAINT `django_admin_log_user_id_c564eba6_fk_users_userprofile_id` FOREIGN KEY (`user_id`) REFERENCES `users_userprofile` (`id`)
) ENGINE=InnoDB DEFAULT CHARSET=utf8 COLLATE=utf8_croatian_ci;

-- ----------------------------
-- Table structure for django_content_type
-- ----------------------------
DROP TABLE IF EXISTS `django_content_type`;
CREATE TABLE `django_content_type` (
  `id` int(11) NOT NULL AUTO_INCREMENT,
  `app_label` varchar(100) COLLATE utf8_croatian_ci NOT NULL,
  `model` varchar(100) COLLATE utf8_croatian_ci NOT NULL,
  PRIMARY KEY (`id`),
  UNIQUE KEY `django_content_type_app_label_model_76bd3d3b_uniq` (`app_label`,`model`)
) ENGINE=InnoDB AUTO_INCREMENT=32 DEFAULT CHARSET=utf8 COLLATE=utf8_croatian_ci;

-- ----------------------------
-- Records of django_content_type
-- ----------------------------
BEGIN;
INSERT INTO `django_content_type` VALUES (1, 'admin', 'logentry');
INSERT INTO `django_content_type` VALUES (3, 'auth', 'group');
INSERT INTO `django_content_type` VALUES (2, 'auth', 'permission');
INSERT INTO `django_content_type` VALUES (22, 'captcha', 'captchastore');
INSERT INTO `django_content_type` VALUES (4, 'contenttypes', 'contenttype');
INSERT INTO `django_content_type` VALUES (24, 'novel', 'article');
INSERT INTO `django_content_type` VALUES (18, 'novel', 'channel');
INSERT INTO `django_content_type` VALUES (30, 'novel', 'indexadview');
INSERT INTO `django_content_type` VALUES (31, 'novel', 'indexnovel');
INSERT INTO `django_content_type` VALUES (19, 'novel', 'novelchapter');
INSERT INTO `django_content_type` VALUES (20, 'novel', 'novelmodel');
INSERT INTO `django_content_type` VALUES (25, 'novel', 'tage');
INSERT INTO `django_content_type` VALUES (21, 'novel', 'tagmodel');
INSERT INTO `django_content_type` VALUES (5, 'sessions', 'session');
INSERT INTO `django_content_type` VALUES (26, 'taggit', 'tag');
INSERT INTO `django_content_type` VALUES (27, 'taggit', 'taggeditem');
INSERT INTO `django_content_type` VALUES (13, 'users', 'adminpro');
INSERT INTO `django_content_type` VALUES (7, 'users', 'author');
INSERT INTO `django_content_type` VALUES (29, 'users', 'blogcontent');
INSERT INTO `django_content_type` VALUES (8, 'users', 'collection');
INSERT INTO `django_content_type` VALUES (28, 'users', 'commentmodels');
INSERT INTO `django_content_type` VALUES (9, 'users', 'emailverifyrecord');
INSERT INTO `django_content_type` VALUES (10, 'users', 'messages');
INSERT INTO `django_content_type` VALUES (11, 'users', 'readnovel');
INSERT INTO `django_content_type` VALUES (12, 'users', 'rechargeuser');
INSERT INTO `django_content_type` VALUES (23, 'users', 'singuser');
INSERT INTO `django_content_type` VALUES (6, 'users', 'userprofile');
INSERT INTO `django_content_type` VALUES (14, 'xadmin', 'bookmark');
INSERT INTO `django_content_type` VALUES (15, 'xadmin', 'log');
INSERT INTO `django_content_type` VALUES (16, 'xadmin', 'usersettings');
INSERT INTO `django_content_type` VALUES (17, 'xadmin', 'userwidget');
COMMIT;

-- ----------------------------
-- Table structure for django_migrations
-- ----------------------------
DROP TABLE IF EXISTS `django_migrations`;
CREATE TABLE `django_migrations` (
  `id` int(11) NOT NULL AUTO_INCREMENT,
  `app` varchar(255) COLLATE utf8_croatian_ci NOT NULL,
  `name` varchar(255) COLLATE utf8_croatian_ci NOT NULL,
  `applied` datetime(6) NOT NULL,
  PRIMARY KEY (`id`)
) ENGINE=InnoDB AUTO_INCREMENT=51 DEFAULT CHARSET=utf8 COLLATE=utf8_croatian_ci;

-- ----------------------------
-- Records of django_migrations
-- ----------------------------
BEGIN;
INSERT INTO `django_migrations` VALUES (1, 'novel', '0001_initial', '2018-01-08 21:18:48.686617');
INSERT INTO `django_migrations` VALUES (2, 'contenttypes', '0001_initial', '2018-01-08 21:18:48.735546');
INSERT INTO `django_migrations` VALUES (3, 'contenttypes', '0002_remove_content_type_name', '2018-01-08 21:18:48.780636');
INSERT INTO `django_migrations` VALUES (4, 'auth', '0001_initial', '2018-01-08 21:18:48.924876');
INSERT INTO `django_migrations` VALUES (5, 'auth', '0002_alter_permission_name_max_length', '2018-01-08 21:18:48.947031');
INSERT INTO `django_migrations` VALUES (6, 'auth', '0003_alter_user_email_max_length', '2018-01-08 21:18:48.954501');
INSERT INTO `django_migrations` VALUES (7, 'auth', '0004_alter_user_username_opts', '2018-01-08 21:18:48.962467');
INSERT INTO `django_migrations` VALUES (8, 'auth', '0005_alter_user_last_login_null', '2018-01-08 21:18:48.969822');
INSERT INTO `django_migrations` VALUES (9, 'auth', '0006_require_contenttypes_0002', '2018-01-08 21:18:48.972425');
INSERT INTO `django_migrations` VALUES (10, 'auth', '0007_alter_validators_add_error_messages', '2018-01-08 21:18:48.980105');
INSERT INTO `django_migrations` VALUES (11, 'auth', '0008_alter_user_username_max_length', '2018-01-08 21:18:48.989703');
INSERT INTO `django_migrations` VALUES (12, 'users', '0001_initial', '2018-01-08 21:18:49.347536');
INSERT INTO `django_migrations` VALUES (13, 'admin', '0001_initial', '2018-01-08 21:18:49.424568');
INSERT INTO `django_migrations` VALUES (14, 'admin', '0002_logentry_remove_auto_add', '2018-01-08 21:18:49.462565');
INSERT INTO `django_migrations` VALUES (15, 'captcha', '0001_initial', '2018-01-08 21:18:49.484540');
INSERT INTO `django_migrations` VALUES (16, 'novel', '0002_auto_20180108_2118', '2018-01-08 21:18:49.595027');
INSERT INTO `django_migrations` VALUES (17, 'sessions', '0001_initial', '2018-01-08 21:18:49.633391');
INSERT INTO `django_migrations` VALUES (18, 'xadmin', '0001_initial', '2018-01-08 21:18:49.929292');
INSERT INTO `django_migrations` VALUES (19, 'users', '0002_auto_20180108_2353', '2018-01-08 23:53:45.323371');
INSERT INTO `django_migrations` VALUES (20, 'users', '0003_auto_20180109_0040', '2018-01-09 00:41:15.812409');
INSERT INTO `django_migrations` VALUES (21, 'users', '0004_auto_20180109_0103', '2018-01-09 01:03:21.042258');
INSERT INTO `django_migrations` VALUES (22, 'novel', '0003_novelmodel_is_long', '2018-01-09 10:37:29.139196');
INSERT INTO `django_migrations` VALUES (23, 'users', '0005_userprofile_sign_bool', '2018-01-09 21:35:34.113593');
INSERT INTO `django_migrations` VALUES (24, 'novel', '0004_auto_20180109_2218', '2018-01-09 22:18:35.862268');
INSERT INTO `django_migrations` VALUES (25, 'users', '0006_auto_20180109_2218', '2018-01-09 22:18:35.900615');
INSERT INTO `django_migrations` VALUES (26, 'novel', '0005_auto_20180109_2227', '2018-01-09 22:28:05.159374');
INSERT INTO `django_migrations` VALUES (27, 'novel', '0006_delete_tage', '2018-01-09 22:28:55.042631');
INSERT INTO `django_migrations` VALUES (28, 'taggit', '0001_initial', '2018-01-09 22:35:22.038735');
INSERT INTO `django_migrations` VALUES (29, 'taggit', '0002_auto_20150616_2121', '2018-01-09 22:35:22.067492');
INSERT INTO `django_migrations` VALUES (30, 'novel', '0007_tage', '2018-01-09 22:35:22.120709');
INSERT INTO `django_migrations` VALUES (31, 'novel', '0008_auto_20180109_2303', '2018-01-09 23:03:41.212761');
INSERT INTO `django_migrations` VALUES (32, 'novel', '0009_remove_novelmodel_novel_tage', '2018-01-09 23:04:48.750141');
INSERT INTO `django_migrations` VALUES (33, 'novel', '0010_novelmodel_novel_tage', '2018-01-09 23:07:22.344102');
INSERT INTO `django_migrations` VALUES (34, 'novel', '0011_novelchapter_novelchapter_num', '2018-01-10 10:31:14.936768');
INSERT INTO `django_migrations` VALUES (35, 'users', '0007_readnovel_chapter_num', '2018-01-10 10:58:02.600081');
INSERT INTO `django_migrations` VALUES (36, 'users', '0008_commentmodels', '2018-01-10 14:50:10.331533');
INSERT INTO `django_migrations` VALUES (37, 'users', '0009_auto_20180110_1459', '2018-01-10 14:59:55.917090');
INSERT INTO `django_migrations` VALUES (38, 'users', '0010_auto_20180110_1551', '2018-01-10 15:52:02.999745');
INSERT INTO `django_migrations` VALUES (39, 'users', '0011_commentmodels_commtitle', '2018-01-10 16:14:48.630899');
INSERT INTO `django_migrations` VALUES (40, 'users', '0012_auto_20180110_1624', '2018-01-10 16:25:08.731766');
INSERT INTO `django_migrations` VALUES (41, 'users', '0013_auto_20180110_1629', '2018-01-10 16:29:13.339663');
INSERT INTO `django_migrations` VALUES (42, 'users', '0014_blogcontent', '2018-01-11 21:39:02.113768');
INSERT INTO `django_migrations` VALUES (43, 'users', '0015_auto_20180111_2152', '2018-01-11 21:53:07.912432');
INSERT INTO `django_migrations` VALUES (44, 'novel', '0012_indexadview', '2018-01-12 11:46:07.602543');
INSERT INTO `django_migrations` VALUES (45, 'novel', '0013_indexadview_adurl', '2018-01-12 12:23:07.552963');
INSERT INTO `django_migrations` VALUES (46, 'novel', '0014_auto_20180112_1240', '2018-01-12 12:41:10.777189');
INSERT INTO `django_migrations` VALUES (47, 'novel', '0015_auto_20180112_1244', '2018-01-12 12:44:32.757404');
INSERT INTO `django_migrations` VALUES (48, 'novel', '0016_auto_20180112_1326', '2018-01-12 13:26:58.857488');
INSERT INTO `django_migrations` VALUES (49, 'novel', '0017_auto_20180113_1201', '2018-01-13 12:02:05.182792');
INSERT INTO `django_migrations` VALUES (50, 'novel', '0018_novelmodel_novel_alias', '2018-01-16 19:24:01.987461');
COMMIT;

-- ----------------------------
-- Table structure for django_session
-- ----------------------------
DROP TABLE IF EXISTS `django_session`;
CREATE TABLE `django_session` (
  `session_key` varchar(40) COLLATE utf8_croatian_ci NOT NULL,
  `session_data` longtext COLLATE utf8_croatian_ci NOT NULL,
  `expire_date` datetime(6) NOT NULL,
  PRIMARY KEY (`session_key`),
  KEY `django_session_expire_date_a5c62663` (`expire_date`)
) ENGINE=InnoDB DEFAULT CHARSET=utf8 COLLATE=utf8_croatian_ci;

-- ----------------------------
-- Records of django_session
-- ----------------------------
BEGIN;
INSERT INTO `django_session` VALUES ('4avcvjs1sb1gjtoc8ufhihzmothfn64u', 'MDc5OGI4OTBiNDA5ZTlhMThmMGFhM2E1ZTAxODk4MjBkYjY2ZDhkYTp7Il9hdXRoX3VzZXJfaWQiOiIxIiwiX2F1dGhfdXNlcl9iYWNrZW5kIjoiZGphbmdvLmNvbnRyaWIuYXV0aC5iYWNrZW5kcy5Nb2RlbEJhY2tlbmQiLCJfYXV0aF91c2VyX2hhc2giOiJiZTg5OGRiODdmYWYyNTVjNThhNzY0OTFkMDc1MWQyNDRjZjcyM2FhIn0=', '2018-02-09 10:03:37.134023');
INSERT INTO `django_session` VALUES ('g4pzda3qeflzn21oqwu3u8h6sedrrc0x', 'ODg1OGZiOGY0MTJjMTczYWIxMzJhNTk0NTM5OTc3NDIwZmMwYTUzODp7Il9hdXRoX3VzZXJfaWQiOiIxIiwiX2F1dGhfdXNlcl9iYWNrZW5kIjoiZGphbmdvLmNvbnRyaWIuYXV0aC5iYWNrZW5kcy5Nb2RlbEJhY2tlbmQiLCJfYXV0aF91c2VyX2hhc2giOiJiZTg5OGRiODdmYWYyNTVjNThhNzY0OTFkMDc1MWQyNDRjZjcyM2FhIiwiTElTVF9RVUVSWSI6W1sibm92ZWwiLCJub3ZlbG1vZGVsIl0sIiJdfQ==', '2018-01-27 17:38:04.676322');
INSERT INTO `django_session` VALUES ('u3jauqgkk1ujgwh6zu78j3puj0d2fpva', 'NWFkNDhkYmVjNTUxYTJiZDVmYmFmMzQxMzYzZWRhMDdkNmVlNTI1Yjp7Il9hdXRoX3VzZXJfaWQiOiIxIiwiX2F1dGhfdXNlcl9iYWNrZW5kIjoiZGphbmdvLmNvbnRyaWIuYXV0aC5iYWNrZW5kcy5Nb2RlbEJhY2tlbmQiLCJfYXV0aF91c2VyX2hhc2giOiJiZTg5OGRiODdmYWYyNTVjNThhNzY0OTFkMDc1MWQyNDRjZjcyM2FhIiwiTElTVF9RVUVSWSI6W1sibm92ZWwiLCJpbmRleGFkdmlldyJdLCIiXX0=', '2018-01-31 00:15:02.232688');
COMMIT;

-- ----------------------------
-- Table structure for novel_tage
-- ----------------------------
DROP TABLE IF EXISTS `novel_tage`;
CREATE TABLE `novel_tage` (
  `id` int(11) NOT NULL AUTO_INCREMENT,
  PRIMARY KEY (`id`)
) ENGINE=InnoDB AUTO_INCREMENT=4 DEFAULT CHARSET=utf8 COLLATE=utf8_croatian_ci;

-- ----------------------------
-- Records of novel_tage
-- ----------------------------
BEGIN;
INSERT INTO `novel_tage` VALUES (1);
INSERT INTO `novel_tage` VALUES (3);
COMMIT;

-- ----------------------------
-- Table structure for taggit_tag
-- ----------------------------
DROP TABLE IF EXISTS `taggit_tag`;
CREATE TABLE `taggit_tag` (
  `id` int(11) NOT NULL AUTO_INCREMENT,
  `name` varchar(100) COLLATE utf8_croatian_ci NOT NULL,
  `slug` varchar(100) COLLATE utf8_croatian_ci NOT NULL,
  PRIMARY KEY (`id`),
  UNIQUE KEY `name` (`name`),
  UNIQUE KEY `slug` (`slug`)
) ENGINE=InnoDB AUTO_INCREMENT=61 DEFAULT CHARSET=utf8 COLLATE=utf8_croatian_ci;

-- ----------------------------
-- Records of taggit_tag
-- ----------------------------
BEGIN;
INSERT INTO `taggit_tag` VALUES (1, '哈哈哈哈', '');
INSERT INTO `taggit_tag` VALUES (3, '哈哈哈', '_1');
INSERT INTO `taggit_tag` VALUES (4, 'delicious', 'delicious');
INSERT INTO `taggit_tag` VALUES (5, 'green', 'green');
INSERT INTO `taggit_tag` VALUES (6, 'red', 'red');
INSERT INTO `taggit_tag` VALUES (8, '爱情小说', '_2');
INSERT INTO `taggit_tag` VALUES (10, '言情小说', '_3');
INSERT INTO `taggit_tag` VALUES (12, '啪啪啪小说', '_4');
INSERT INTO `taggit_tag` VALUES (13, '标签2', '2');
INSERT INTO `taggit_tag` VALUES (14, '标签3', '3');
INSERT INTO `taggit_tag` VALUES (15, '标签4', '4');
INSERT INTO `taggit_tag` VALUES (16, '标签1', '1');
INSERT INTO `taggit_tag` VALUES (18, '爱情', '_5');
INSERT INTO `taggit_tag` VALUES (20, '玄幻', '_6');
INSERT INTO `taggit_tag` VALUES (22, '科幻', '_7');
INSERT INTO `taggit_tag` VALUES (24, '魔幻', '_8');
INSERT INTO `taggit_tag` VALUES (26, '棒棒哒', '_9');
INSERT INTO `taggit_tag` VALUES (28, '冒险', '_10');
INSERT INTO `taggit_tag` VALUES (30, '奇幻', '_11');
INSERT INTO `taggit_tag` VALUES (32, '幼儿园', '_12');
INSERT INTO `taggit_tag` VALUES (34, '为毛', '_13');
INSERT INTO `taggit_tag` VALUES (36, '网页', '_14');
INSERT INTO `taggit_tag` VALUES (38, '为什么', '_15');
INSERT INTO `taggit_tag` VALUES (40, '这是标签啦', '_16');
INSERT INTO `taggit_tag` VALUES (42, '便签', '_17');
INSERT INTO `taggit_tag` VALUES (43, '111', '111');
INSERT INTO `taggit_tag` VALUES (44, '1111', '1111');
INSERT INTO `taggit_tag` VALUES (45, '222222222', '222222222');
INSERT INTO `taggit_tag` VALUES (47, '三男三女', '_18');
INSERT INTO `taggit_tag` VALUES (49, '高冷腹黑', '_19');
INSERT INTO `taggit_tag` VALUES (50, 'tfboys', 'tfboys');
INSERT INTO `taggit_tag` VALUES (52, '王俊凯', '_20');
INSERT INTO `taggit_tag` VALUES (54, '女尊', '_21');
INSERT INTO `taggit_tag` VALUES (56, '女强', '_22');
INSERT INTO `taggit_tag` VALUES (58, '热血', '_23');
INSERT INTO `taggit_tag` VALUES (60, '仙侠言情', '_24');
COMMIT;

-- ----------------------------
-- Table structure for taggit_taggeditem
-- ----------------------------
DROP TABLE IF EXISTS `taggit_taggeditem`;
CREATE TABLE `taggit_taggeditem` (
  `id` int(11) NOT NULL AUTO_INCREMENT,
  `object_id` int(11) NOT NULL,
  `content_type_id` int(11) NOT NULL,
  `tag_id` int(11) NOT NULL,
  PRIMARY KEY (`id`),
  KEY `taggit_taggeditem_tag_id_f4f5b767_fk_taggit_tag_id` (`tag_id`),
  KEY `taggit_taggeditem_object_id_e2d7d1df` (`object_id`),
  KEY `taggit_taggeditem_content_type_id_object_id_196cc965_idx` (`content_type_id`,`object_id`),
  CONSTRAINT `taggit_taggeditem_content_type_id_9957a03c_fk_django_co` FOREIGN KEY (`content_type_id`) REFERENCES `django_content_type` (`id`),
  CONSTRAINT `taggit_taggeditem_tag_id_f4f5b767_fk_taggit_tag_id` FOREIGN KEY (`tag_id`) REFERENCES `taggit_tag` (`id`)
) ENGINE=InnoDB AUTO_INCREMENT=39 DEFAULT CHARSET=utf8 COLLATE=utf8_croatian_ci;

-- ----------------------------
-- Records of taggit_taggeditem
-- ----------------------------
BEGIN;
INSERT INTO `taggit_taggeditem` VALUES (3, 1, 25, 4);
INSERT INTO `taggit_taggeditem` VALUES (4, 1, 25, 5);
INSERT INTO `taggit_taggeditem` VALUES (5, 1, 25, 6);
INSERT INTO `taggit_taggeditem` VALUES (6, 3, 25, 8);
INSERT INTO `taggit_taggeditem` VALUES (7, 3, 25, 10);
INSERT INTO `taggit_taggeditem` VALUES (8, 3, 25, 12);
INSERT INTO `taggit_taggeditem` VALUES (17, 2, 20, 18);
INSERT INTO `taggit_taggeditem` VALUES (18, 2, 20, 26);
INSERT INTO `taggit_taggeditem` VALUES (19, 2, 20, 28);
INSERT INTO `taggit_taggeditem` VALUES (20, 2, 20, 30);
INSERT INTO `taggit_taggeditem` VALUES (21, 11, 20, 32);
INSERT INTO `taggit_taggeditem` VALUES (22, 11, 20, 34);
INSERT INTO `taggit_taggeditem` VALUES (23, 11, 20, 36);
INSERT INTO `taggit_taggeditem` VALUES (24, 8, 20, 8);
INSERT INTO `taggit_taggeditem` VALUES (25, 7, 20, 8);
INSERT INTO `taggit_taggeditem` VALUES (26, 12, 20, 40);
INSERT INTO `taggit_taggeditem` VALUES (27, 12, 20, 3);
INSERT INTO `taggit_taggeditem` VALUES (28, 12, 20, 38);
INSERT INTO `taggit_taggeditem` VALUES (29, 10, 20, 42);
INSERT INTO `taggit_taggeditem` VALUES (30, 13, 20, 49);
INSERT INTO `taggit_taggeditem` VALUES (31, 13, 20, 50);
INSERT INTO `taggit_taggeditem` VALUES (32, 13, 20, 52);
INSERT INTO `taggit_taggeditem` VALUES (33, 13, 20, 47);
INSERT INTO `taggit_taggeditem` VALUES (34, 14, 20, 56);
INSERT INTO `taggit_taggeditem` VALUES (35, 14, 20, 58);
INSERT INTO `taggit_taggeditem` VALUES (36, 14, 20, 60);
INSERT INTO `taggit_taggeditem` VALUES (37, 14, 20, 54);
INSERT INTO `taggit_taggeditem` VALUES (38, 17, 20, 18);
COMMIT;

-- ----------------------------
-- Table structure for users_userprofile
-- ----------------------------
DROP TABLE IF EXISTS `users_userprofile`;
CREATE TABLE `users_userprofile` (
  `id` int(11) NOT NULL AUTO_INCREMENT,
  `password` varchar(128) COLLATE utf8_croatian_ci NOT NULL,
  `last_login` datetime(6) DEFAULT NULL,
  `is_superuser` tinyint(1) NOT NULL,
  `username` varchar(150) COLLATE utf8_croatian_ci NOT NULL,
  `first_name` varchar(30) COLLATE utf8_croatian_ci NOT NULL,
  `last_name` varchar(30) COLLATE utf8_croatian_ci NOT NULL,
  `email` varchar(254) COLLATE utf8_croatian_ci NOT NULL,
  `is_staff` tinyint(1) NOT NULL,
  `is_active` tinyint(1) NOT NULL,
  `date_joined` datetime(6) NOT NULL,
  `nick_name` varchar(30) COLLATE utf8_croatian_ci NOT NULL,
  `birday` date DEFAULT NULL,
  `address` varchar(200) COLLATE utf8_croatian_ci NOT NULL,
  `mobile` varchar(11) COLLATE utf8_croatian_ci DEFAULT NULL,
  `is_jh` tinyint(1) NOT NULL,
  `hy_xbb` int(11) NOT NULL,
  `hy_dj` varchar(10) COLLATE utf8_croatian_ci NOT NULL,
  `image` varchar(100) COLLATE utf8_croatian_ci DEFAULT NULL,
  `gender` varchar(25) COLLATE utf8_croatian_ci NOT NULL,
  `register_time` datetime(6) NOT NULL,
  `sign_bool` tinyint(1) NOT NULL,
  PRIMARY KEY (`id`),
  UNIQUE KEY `username` (`username`)
) ENGINE=InnoDB AUTO_INCREMENT=3 DEFAULT CHARSET=utf8 COLLATE=utf8_croatian_ci;

-- ----------------------------
-- Records of users_userprofile
-- ----------------------------
BEGIN;
INSERT INTO `users_userprofile` VALUES (1, 'pbkdf2_sha256$36000$E1GU2ZVyFyK8$enBg3a2ouNjujylGZMmGqa/GvPaAiDrzqioS54eXWQk=', '2018-01-26 10:03:37.132000', 1, 'admin', '', '', '18611662860@126.com', 1, 1, '2018-01-08 21:21:19.890097', '陈冠佑大作', '2018-01-02', '北京', '18611662860', 1, 10, 'pthy', 'image/2018/01/default_middile_18_YspnzN6.png', 'male', '2018-01-08 21:21:19.890120', 0);
INSERT INTO `users_userprofile` VALUES (2, 'pbkdf2_sha256$36000$VfeeygguF7fK$C/7lfVrFwDuYU+3FXgKrFf/hlrCG3854nqI9UErF0Dw=', '2018-01-11 20:57:02.487676', 0, '陈爸爸', '', '', 'btmeiju@126.com', 0, 1, '2018-01-08 22:38:47.000000', '陈爸爸', '2018-01-11', '北京市的地址', '18611662860', 1, 10, 'pthy', 'image/default.png', 'male', '2018-01-08 22:38:47.000000', 1);
COMMIT;

-- ----------------------------
-- Table structure for users_userprofile_groups
-- ----------------------------
DROP TABLE IF EXISTS `users_userprofile_groups`;
CREATE TABLE `users_userprofile_groups` (
  `id` int(11) NOT NULL AUTO_INCREMENT,
  `userprofile_id` int(11) NOT NULL,
  `group_id` int(11) NOT NULL,
  PRIMARY KEY (`id`),
  UNIQUE KEY `users_userprofile_groups_userprofile_id_group_id_823cf2fc_uniq` (`userprofile_id`,`group_id`),
  KEY `users_userprofile_groups_group_id_3de53dbf_fk_auth_group_id` (`group_id`),
  CONSTRAINT `users_userprofile_gr_userprofile_id_a4496a80_fk_users_use` FOREIGN KEY (`userprofile_id`) REFERENCES `users_userprofile` (`id`),
  CONSTRAINT `users_userprofile_groups_group_id_3de53dbf_fk_auth_group_id` FOREIGN KEY (`group_id`) REFERENCES `auth_group` (`id`)
) ENGINE=InnoDB DEFAULT CHARSET=utf8 COLLATE=utf8_croatian_ci;

-- ----------------------------
-- Table structure for users_userprofile_user_permissions
-- ----------------------------
DROP TABLE IF EXISTS `users_userprofile_user_permissions`;
CREATE TABLE `users_userprofile_user_permissions` (
  `id` int(11) NOT NULL AUTO_INCREMENT,
  `userprofile_id` int(11) NOT NULL,
  `permission_id` int(11) NOT NULL,
  PRIMARY KEY (`id`),
  UNIQUE KEY `users_userprofile_user_p_userprofile_id_permissio_d0215190_uniq` (`userprofile_id`,`permission_id`),
  KEY `users_userprofile_us_permission_id_393136b6_fk_auth_perm` (`permission_id`),
  CONSTRAINT `users_userprofile_us_permission_id_393136b6_fk_auth_perm` FOREIGN KEY (`permission_id`) REFERENCES `auth_permission` (`id`),
  CONSTRAINT `users_userprofile_us_userprofile_id_34544737_fk_users_use` FOREIGN KEY (`userprofile_id`) REFERENCES `users_userprofile` (`id`)
) ENGINE=InnoDB DEFAULT CHARSET=utf8 COLLATE=utf8_croatian_ci;

-- ----------------------------
-- Table structure for xadmin_bookmark
-- ----------------------------
DROP TABLE IF EXISTS `xadmin_bookmark`;
CREATE TABLE `xadmin_bookmark` (
  `id` int(11) NOT NULL AUTO_INCREMENT,
  `title` varchar(128) COLLATE utf8_croatian_ci NOT NULL,
  `url_name` varchar(64) COLLATE utf8_croatian_ci NOT NULL,
  `query` varchar(1000) COLLATE utf8_croatian_ci NOT NULL,
  `is_share` tinyint(1) NOT NULL,
  `content_type_id` int(11) NOT NULL,
  `user_id` int(11) DEFAULT NULL,
  PRIMARY KEY (`id`),
  KEY `xadmin_bookmark_content_type_id_60941679_fk_django_co` (`content_type_id`),
  KEY `xadmin_bookmark_user_id_42d307fc_fk_users_userprofile_id` (`user_id`),
  CONSTRAINT `xadmin_bookmark_content_type_id_60941679_fk_django_co` FOREIGN KEY (`content_type_id`) REFERENCES `django_content_type` (`id`),
  CONSTRAINT `xadmin_bookmark_user_id_42d307fc_fk_users_userprofile_id` FOREIGN KEY (`user_id`) REFERENCES `users_userprofile` (`id`)
) ENGINE=InnoDB DEFAULT CHARSET=utf8 COLLATE=utf8_croatian_ci;

-- ----------------------------
-- Table structure for xadmin_log
-- ----------------------------
DROP TABLE IF EXISTS `xadmin_log`;
CREATE TABLE `xadmin_log` (
  `id` int(11) NOT NULL AUTO_INCREMENT,
  `action_time` datetime(6) NOT NULL,
  `ip_addr` char(39) COLLATE utf8_croatian_ci DEFAULT NULL,
  `object_id` longtext COLLATE utf8_croatian_ci,
  `object_repr` varchar(200) COLLATE utf8_croatian_ci NOT NULL,
  `action_flag` varchar(32) COLLATE utf8_croatian_ci NOT NULL,
  `message` longtext COLLATE utf8_croatian_ci NOT NULL,
  `content_type_id` int(11) DEFAULT NULL,
  `user_id` int(11) NOT NULL,
  PRIMARY KEY (`id`),
  KEY `xadmin_log_content_type_id_2a6cb852_fk_django_content_type_id` (`content_type_id`),
  KEY `xadmin_log_user_id_bb16a176_fk_users_userprofile_id` (`user_id`),
  CONSTRAINT `xadmin_log_content_type_id_2a6cb852_fk_django_content_type_id` FOREIGN KEY (`content_type_id`) REFERENCES `django_content_type` (`id`),
  CONSTRAINT `xadmin_log_user_id_bb16a176_fk_users_userprofile_id` FOREIGN KEY (`user_id`) REFERENCES `users_userprofile` (`id`)
) ENGINE=InnoDB AUTO_INCREMENT=121 DEFAULT CHARSET=utf8 COLLATE=utf8_croatian_ci;

-- ----------------------------
-- Records of xadmin_log
-- ----------------------------
BEGIN;
INSERT INTO `xadmin_log` VALUES (1, '2018-01-08 21:22:37.759798', '127.0.0.1', '1', '男生', 'create', '已添加。', 18, 1);
INSERT INTO `xadmin_log` VALUES (2, '2018-01-08 21:22:53.331549', '127.0.0.1', '1', '唯美炫酷', 'create', '已添加。', 21, 1);
INSERT INTO `xadmin_log` VALUES (3, '2018-01-08 21:24:06.847449', '127.0.0.1', '1', '重生之锦绣嫡女', 'create', '已添加。', 20, 1);
INSERT INTO `xadmin_log` VALUES (4, '2018-01-08 21:25:05.917863', '127.0.0.1', '1', 'Collection object', 'create', '已添加。', 8, 1);
INSERT INTO `xadmin_log` VALUES (5, '2018-01-08 21:38:29.692363', '127.0.0.1', '2', 'Collection object', 'create', '已添加。', 8, 1);
INSERT INTO `xadmin_log` VALUES (6, '2018-01-08 21:39:41.946934', '127.0.0.1', '3', 'Collection object', 'create', '已添加。', 8, 1);
INSERT INTO `xadmin_log` VALUES (7, '2018-01-08 21:39:48.450003', '127.0.0.1', '4', 'Collection object', 'create', '已添加。', 8, 1);
INSERT INTO `xadmin_log` VALUES (8, '2018-01-08 21:47:25.450389', '127.0.0.1', '1', 'NovelChaPter object', 'create', '已添加。', 19, 1);
INSERT INTO `xadmin_log` VALUES (9, '2018-01-08 21:47:53.688490', '127.0.0.1', '2', 'NovelChaPter object', 'create', '已添加。', 19, 1);
INSERT INTO `xadmin_log` VALUES (10, '2018-01-08 21:48:17.780901', '127.0.0.1', '3', 'NovelChaPter object', 'create', '已添加。', 19, 1);
INSERT INTO `xadmin_log` VALUES (11, '2018-01-08 21:48:41.436374', '127.0.0.1', '4', 'NovelChaPter object', 'create', '已添加。', 19, 1);
INSERT INTO `xadmin_log` VALUES (12, '2018-01-09 00:45:07.454894', '127.0.0.1', NULL, '', 'delete', '批量删除 2 个 阅读记录', NULL, 1);
INSERT INTO `xadmin_log` VALUES (13, '2018-01-09 00:55:23.583443', '127.0.0.1', NULL, '', 'delete', '批量删除 4 个 阅读记录', NULL, 1);
INSERT INTO `xadmin_log` VALUES (14, '2018-01-09 01:01:54.011694', '127.0.0.1', NULL, '', 'delete', '批量删除 4 个 收藏的小说', NULL, 1);
INSERT INTO `xadmin_log` VALUES (15, '2018-01-09 01:04:28.625590', '127.0.0.1', '5', 'Collection object', 'create', '已添加。', 8, 1);
INSERT INTO `xadmin_log` VALUES (16, '2018-01-09 01:04:35.540728', '127.0.0.1', '6', 'Collection object', 'create', '已添加。', 8, 1);
INSERT INTO `xadmin_log` VALUES (17, '2018-01-09 01:04:43.056317', '127.0.0.1', '7', 'Collection object', 'create', '已添加。', 8, 1);
INSERT INTO `xadmin_log` VALUES (18, '2018-01-09 01:40:17.213256', '127.0.0.1', '8', 'Collection object', 'create', '已添加。', 8, 1);
INSERT INTO `xadmin_log` VALUES (19, '2018-01-09 01:40:28.446564', '127.0.0.1', '9', 'Collection object', 'create', '已添加。', 8, 1);
INSERT INTO `xadmin_log` VALUES (20, '2018-01-09 01:56:18.962048', '127.0.0.1', '10', 'ReadNovel object', 'create', '已添加。', 11, 1);
INSERT INTO `xadmin_log` VALUES (21, '2018-01-09 01:56:31.108173', '127.0.0.1', '10', 'ReadNovel object', 'change', '修改 novel_name', 11, 1);
INSERT INTO `xadmin_log` VALUES (22, '2018-01-09 01:56:41.307964', '127.0.0.1', '11', 'ReadNovel object', 'create', '已添加。', 11, 1);
INSERT INTO `xadmin_log` VALUES (23, '2018-01-09 01:56:47.139354', '127.0.0.1', '12', 'ReadNovel object', 'create', '已添加。', 11, 1);
INSERT INTO `xadmin_log` VALUES (24, '2018-01-09 02:09:18.459333', '127.0.0.1', NULL, '', 'delete', '批量删除 1 个 阅读记录', NULL, 1);
INSERT INTO `xadmin_log` VALUES (25, '2018-01-09 10:38:50.525588', '127.0.0.1', '10', '浏览测试5', 'change', '没有字段被修改。', 20, 1);
INSERT INTO `xadmin_log` VALUES (26, '2018-01-09 10:39:56.913750', '127.0.0.1', '1', '重生之锦绣嫡女', 'change', '修改 is_long', 20, 1);
INSERT INTO `xadmin_log` VALUES (27, '2018-01-09 10:48:51.215576', '127.0.0.1', '1', '重生之锦绣嫡女', 'change', '修改 is_long', 20, 1);
INSERT INTO `xadmin_log` VALUES (28, '2018-01-09 10:51:08.107017', '127.0.0.1', '1', '重生之锦绣嫡女', 'change', '修改 is_long', 20, 1);
INSERT INTO `xadmin_log` VALUES (29, '2018-01-09 10:51:55.317584', '127.0.0.1', '1', '重生之锦绣嫡女', 'change', '修改 is_long', 20, 1);
INSERT INTO `xadmin_log` VALUES (30, '2018-01-09 10:52:22.354835', '127.0.0.1', '1', '重生之锦绣嫡女', 'change', '修改 is_long', 20, 1);
INSERT INTO `xadmin_log` VALUES (31, '2018-01-09 10:53:07.375107', '127.0.0.1', '1', '重生之锦绣嫡女', 'change', '修改 is_long', 20, 1);
INSERT INTO `xadmin_log` VALUES (32, '2018-01-09 10:53:31.142976', '127.0.0.1', '1', '重生之锦绣嫡女', 'change', '修改 is_long', 20, 1);
INSERT INTO `xadmin_log` VALUES (33, '2018-01-09 10:54:50.671365', '127.0.0.1', '13', 'ReadNovel object', 'change', '修改 novel_name', 11, 1);
INSERT INTO `xadmin_log` VALUES (34, '2018-01-09 10:54:55.395246', '127.0.0.1', '12', 'ReadNovel object', 'change', '修改 novel_name', 11, 1);
INSERT INTO `xadmin_log` VALUES (35, '2018-01-09 10:55:00.093656', '127.0.0.1', '11', 'ReadNovel object', 'change', '修改 novel_name', 11, 1);
INSERT INTO `xadmin_log` VALUES (36, '2018-01-09 10:55:04.871874', '127.0.0.1', '10', 'ReadNovel object', 'change', '修改 novel_name', 11, 1);
INSERT INTO `xadmin_log` VALUES (37, '2018-01-09 10:55:18.177544', '127.0.0.1', NULL, '', 'delete', '批量删除 6 个 阅读记录', NULL, 1);
INSERT INTO `xadmin_log` VALUES (38, '2018-01-09 10:56:20.230715', '127.0.0.1', '5', 'NovelChaPter object', 'create', '已添加。', 19, 1);
INSERT INTO `xadmin_log` VALUES (39, '2018-01-09 10:56:32.941672', '127.0.0.1', '6', 'NovelChaPter object', 'create', '已添加。', 19, 1);
INSERT INTO `xadmin_log` VALUES (40, '2018-01-09 10:56:47.315288', '127.0.0.1', '7', 'NovelChaPter object', 'create', '已添加。', 19, 1);
INSERT INTO `xadmin_log` VALUES (41, '2018-01-09 10:56:59.039935', '127.0.0.1', '8', 'NovelChaPter object', 'create', '已添加。', 19, 1);
INSERT INTO `xadmin_log` VALUES (42, '2018-01-09 10:57:12.789375', '127.0.0.1', '9', 'NovelChaPter object', 'create', '已添加。', 19, 1);
INSERT INTO `xadmin_log` VALUES (43, '2018-01-09 10:57:24.649370', '127.0.0.1', NULL, '', 'delete', '批量删除 1 个 阅读记录', NULL, 1);
INSERT INTO `xadmin_log` VALUES (44, '2018-01-09 11:09:58.345038', '127.0.0.1', NULL, '', 'delete', '批量删除 5 个 阅读记录', NULL, 1);
INSERT INTO `xadmin_log` VALUES (45, '2018-01-09 11:21:59.166726', '127.0.0.1', NULL, '', 'delete', '批量删除 5 个 收藏的小说', NULL, 1);
INSERT INTO `xadmin_log` VALUES (46, '2018-01-09 11:22:22.190910', '127.0.0.1', NULL, '', 'delete', '批量删除 1 个 阅读记录', NULL, 1);
INSERT INTO `xadmin_log` VALUES (47, '2018-01-09 13:18:17.453492', '127.0.0.1', '10', '浏览测试5', 'change', '修改 novel_user', 20, 1);
INSERT INTO `xadmin_log` VALUES (48, '2018-01-09 14:49:06.359526', '127.0.0.1', NULL, '', 'delete', '批量删除 1 个 收藏的小说', NULL, 1);
INSERT INTO `xadmin_log` VALUES (49, '2018-01-09 18:16:58.628949', '127.0.0.1', '1', '重生之锦绣嫡女', 'change', '修改 novel_fave', 20, 1);
INSERT INTO `xadmin_log` VALUES (50, '2018-01-09 18:27:50.242391', '127.0.0.1', '1', '重生之锦绣嫡女', 'change', '没有字段被修改。', 20, 1);
INSERT INTO `xadmin_log` VALUES (51, '2018-01-09 18:27:56.707215', '127.0.0.1', '3', '测试收藏', 'change', '修改 is_long', 20, 1);
INSERT INTO `xadmin_log` VALUES (52, '2018-01-09 21:45:21.872574', '127.0.0.1', '2', '陈爸爸', 'change', '修改 sign_bool 和 address', 6, 1);
INSERT INTO `xadmin_log` VALUES (53, '2018-01-09 22:20:56.231298', '127.0.0.1', '1', 'Tage object', 'create', '已添加。', 25, 1);
INSERT INTO `xadmin_log` VALUES (54, '2018-01-09 22:20:59.965678', '127.0.0.1', '2', 'Tage object', 'create', '已添加。', 25, 1);
INSERT INTO `xadmin_log` VALUES (55, '2018-01-09 22:21:10.548550', '127.0.0.1', '3', 'Tage object', 'create', '已添加。', 25, 1);
INSERT INTO `xadmin_log` VALUES (56, '2018-01-09 22:21:13.188888', '127.0.0.1', '1', 'Article object', 'create', '已添加。', 24, 1);
INSERT INTO `xadmin_log` VALUES (57, '2018-01-09 22:21:34.683499', '127.0.0.1', '1', 'Article object', 'change', '修改 name', 24, 1);
INSERT INTO `xadmin_log` VALUES (58, '2018-01-09 22:35:50.636547', '127.0.0.1', '1', 'Tage object', 'create', '已添加。', 25, 1);
INSERT INTO `xadmin_log` VALUES (59, '2018-01-09 22:36:02.549581', '127.0.0.1', '1', 'Tage object', 'change', '修改 tag_name', 25, 1);
INSERT INTO `xadmin_log` VALUES (60, '2018-01-09 22:36:28.352730', '127.0.0.1', '1', 'Tage object', 'change', '修改 tag_name', 25, 1);
INSERT INTO `xadmin_log` VALUES (61, '2018-01-09 22:36:38.068268', '127.0.0.1', '1', 'Tage object', 'change', '修改 tag_name', 25, 1);
INSERT INTO `xadmin_log` VALUES (62, '2018-01-09 22:40:03.671636', '127.0.0.1', '3', 'Tage object', 'create', '已添加。', 25, 1);
INSERT INTO `xadmin_log` VALUES (63, '2018-01-09 23:08:37.609383', '127.0.0.1', '1', '重生之锦绣嫡女', 'change', '修改 novel_tage', 20, 1);
INSERT INTO `xadmin_log` VALUES (64, '2018-01-09 23:47:05.937008', '127.0.0.1', '1', '重生之锦绣嫡女', 'change', '修改 novel_fave 和 novel_tage', 20, 1);
INSERT INTO `xadmin_log` VALUES (65, '2018-01-10 01:51:40.272870', '127.0.0.1', '2', '重生陈冠佑绣嫡女', 'change', '修改 novel_tage', 20, 1);
INSERT INTO `xadmin_log` VALUES (66, '2018-01-10 01:52:55.950923', '127.0.0.1', NULL, '', 'delete', '批量删除 1 个 小说管理', NULL, 1);
INSERT INTO `xadmin_log` VALUES (67, '2018-01-10 02:36:01.322774', '127.0.0.1', '11', '小说管理了', 'create', '已添加。', 20, 1);
INSERT INTO `xadmin_log` VALUES (68, '2018-01-10 02:38:34.178336', '127.0.0.1', '10', 'NovelChaPter object', 'create', '已添加。', 19, 1);
INSERT INTO `xadmin_log` VALUES (69, '2018-01-10 10:03:11.713569', '127.0.0.1', '8', '浏览测试3', 'change', '修改 novel_tage', 20, 1);
INSERT INTO `xadmin_log` VALUES (70, '2018-01-10 10:04:07.476098', '127.0.0.1', '7', '浏览测试2', 'change', '修改 novel_tage', 20, 1);
INSERT INTO `xadmin_log` VALUES (71, '2018-01-10 10:31:43.068230', '127.0.0.1', '2', 'NovelChaPter object', 'change', '修改 novelchapter_num', 19, 1);
INSERT INTO `xadmin_log` VALUES (72, '2018-01-10 10:31:48.981173', '127.0.0.1', '10', 'NovelChaPter object', 'change', '修改 novelchapter_num', 19, 1);
INSERT INTO `xadmin_log` VALUES (73, '2018-01-10 12:19:03.598322', '127.0.0.1', '2', '重生陈冠佑绣嫡女', 'change', '修改 novel_tage', 20, 1);
INSERT INTO `xadmin_log` VALUES (74, '2018-01-10 13:52:53.567174', '127.0.0.1', '12', '为什么我是最后呀', 'create', '已添加。', 20, 1);
INSERT INTO `xadmin_log` VALUES (75, '2018-01-10 15:48:01.826298', '127.0.0.1', NULL, '', 'delete', '批量删除 5 个 用户评论', NULL, 1);
INSERT INTO `xadmin_log` VALUES (76, '2018-01-10 16:21:28.408995', '127.0.0.1', NULL, '', 'delete', '批量删除 2 个 阅读记录', NULL, 1);
INSERT INTO `xadmin_log` VALUES (77, '2018-01-10 16:21:36.234113', '127.0.0.1', NULL, '', 'delete', '批量删除 12 个 收藏的小说', NULL, 1);
INSERT INTO `xadmin_log` VALUES (78, '2018-01-10 23:05:19.540175', '127.0.0.1', '3', 'Messages object', 'create', '已添加。', 10, 1);
INSERT INTO `xadmin_log` VALUES (79, '2018-01-10 23:05:46.177378', '127.0.0.1', '4', 'Messages object', 'create', '已添加。', 10, 1);
INSERT INTO `xadmin_log` VALUES (80, '2018-01-10 23:28:05.601754', '127.0.0.1', '30', '章节22', 'change', '修改 novelchapter_text', 19, 1);
INSERT INTO `xadmin_log` VALUES (81, '2018-01-10 23:28:24.067148', '127.0.0.1', '30', '章节22', 'change', '没有字段被修改。', 19, 1);
INSERT INTO `xadmin_log` VALUES (82, '2018-01-12 11:33:04.413982', '127.0.0.1', '2', '女生', 'create', '已添加。', 18, 1);
INSERT INTO `xadmin_log` VALUES (83, '2018-01-12 11:33:37.451509', '127.0.0.1', '1', '玄幻', 'change', '修改 tag_name', 21, 1);
INSERT INTO `xadmin_log` VALUES (84, '2018-01-12 11:33:51.726734', '127.0.0.1', '2', '都市', 'create', '已添加。', 21, 1);
INSERT INTO `xadmin_log` VALUES (85, '2018-01-12 11:34:02.094570', '127.0.0.1', '3', '仙侠', 'create', '已添加。', 21, 1);
INSERT INTO `xadmin_log` VALUES (86, '2018-01-12 11:34:14.432914', '127.0.0.1', '4', '灵异', 'create', '已添加。', 21, 1);
INSERT INTO `xadmin_log` VALUES (87, '2018-01-12 11:34:24.096364', '127.0.0.1', '5', '游戏', 'create', '已添加。', 21, 1);
INSERT INTO `xadmin_log` VALUES (88, '2018-01-12 11:34:39.006343', '127.0.0.1', '6', '科幻', 'create', '已添加。', 21, 1);
INSERT INTO `xadmin_log` VALUES (89, '2018-01-12 11:34:48.541737', '127.0.0.1', '7', '奇幻', 'create', '已添加。', 21, 1);
INSERT INTO `xadmin_log` VALUES (90, '2018-01-12 11:35:53.540763', '127.0.0.1', '8', '历史', 'create', '已添加。', 21, 1);
INSERT INTO `xadmin_log` VALUES (91, '2018-01-12 11:36:09.111609', '127.0.0.1', '9', '竞技', 'create', '已添加。', 21, 1);
INSERT INTO `xadmin_log` VALUES (92, '2018-01-12 11:36:18.367792', '127.0.0.1', '10', '轻小说', 'create', '已添加。', 21, 1);
INSERT INTO `xadmin_log` VALUES (93, '2018-01-12 11:36:28.611913', '127.0.0.1', '11', '短篇', 'create', '已添加。', 21, 1);
INSERT INTO `xadmin_log` VALUES (94, '2018-01-12 11:36:42.279456', '127.0.0.1', '12', '古代言情', 'create', '已添加。', 21, 1);
INSERT INTO `xadmin_log` VALUES (95, '2018-01-12 11:36:53.279056', '127.0.0.1', '13', '玄幻言情', 'create', '已添加。', 21, 1);
INSERT INTO `xadmin_log` VALUES (96, '2018-01-12 11:37:03.080250', '127.0.0.1', '14', '都市言情', 'create', '已添加。', 21, 1);
INSERT INTO `xadmin_log` VALUES (97, '2018-01-12 11:37:15.457706', '127.0.0.1', '15', 'TFBOYS', 'create', '已添加。', 21, 1);
INSERT INTO `xadmin_log` VALUES (98, '2018-01-12 11:37:24.814966', '127.0.0.1', '16', 'EXO', 'create', '已添加。', 21, 1);
INSERT INTO `xadmin_log` VALUES (99, '2018-01-12 11:37:34.466039', '127.0.0.1', '17', '明星同人', 'create', '已添加。', 21, 1);
INSERT INTO `xadmin_log` VALUES (100, '2018-01-12 12:24:33.780502', '127.0.0.1', '1', '小白读书', 'create', '已添加。', 30, 1);
INSERT INTO `xadmin_log` VALUES (101, '2018-01-12 12:42:08.518359', '127.0.0.1', '1', '小白读书', 'change', '修改 adImage', 30, 1);
INSERT INTO `xadmin_log` VALUES (102, '2018-01-12 12:44:54.135938', '127.0.0.1', '1', '小白读书', 'change', '修改 adImage', 30, 1);
INSERT INTO `xadmin_log` VALUES (103, '2018-01-12 12:45:20.460025', '127.0.0.1', '1', '小白读书', 'change', '修改 adUrl', 30, 1);
INSERT INTO `xadmin_log` VALUES (104, '2018-01-12 13:27:53.799279', '127.0.0.1', '2', '重生陈冠佑绣嫡女', 'change', '修改 novel_Recommend 和 novel_tage', 20, 1);
INSERT INTO `xadmin_log` VALUES (105, '2018-01-12 13:28:03.980238', '127.0.0.1', '12', '为什么我是最后呀', 'change', '修改 novel_Recommend 和 novel_tage', 20, 1);
INSERT INTO `xadmin_log` VALUES (106, '2018-01-12 13:28:12.718048', '127.0.0.1', '11', '小说管理了', 'change', '修改 novel_Recommend 和 novel_tage', 20, 1);
INSERT INTO `xadmin_log` VALUES (107, '2018-01-12 13:32:20.756257', '127.0.0.1', '1', '测试横幅幻灯片', 'create', '已添加。', 31, 1);
INSERT INTO `xadmin_log` VALUES (108, '2018-01-12 13:32:45.259821', '127.0.0.1', '2', '测试横幅幻灯片1', 'create', '已添加。', 31, 1);
INSERT INTO `xadmin_log` VALUES (109, '2018-01-12 20:02:34.432194', '127.0.0.1', '11', '小说管理了', 'change', '修改 novel_tag 和 novel_tage', 20, 1);
INSERT INTO `xadmin_log` VALUES (110, '2018-01-12 22:11:02.089103', '127.0.0.1', '10', '浏览测试5', 'change', '修改 novel_tag 和 novel_tage', 20, 1);
INSERT INTO `xadmin_log` VALUES (111, '2018-01-13 12:05:28.746717', '127.0.0.1', '14', '使徒之武魂之巅', 'change', '修改 novel_tag 和 novel_tage', 20, 1);
INSERT INTO `xadmin_log` VALUES (112, '2018-01-13 12:09:52.425641', '127.0.0.1', '14', '使徒之武魂之巅', 'change', '修改 novel_image，novel_user，novel_Recommend，novel_text 和 novel_tage', 20, 1);
INSERT INTO `xadmin_log` VALUES (113, '2018-01-13 12:58:00.268992', '127.0.0.1', NULL, '', 'delete', '批量删除 20 个 小说管理', NULL, 1);
INSERT INTO `xadmin_log` VALUES (114, '2018-01-13 14:27:08.742341', '127.0.0.1', NULL, '', 'delete', '批量删除 5 个 小说管理', NULL, 1);
INSERT INTO `xadmin_log` VALUES (115, '2018-01-13 14:31:58.893341', '127.0.0.1', NULL, '', 'delete', '批量删除 21 个 小说管理', NULL, 1);
INSERT INTO `xadmin_log` VALUES (116, '2018-01-16 19:24:38.294732', '127.0.0.1', '12', '为什么我是最后呀', 'change', '修改 novel_alias 和 novel_tage', 20, 1);
INSERT INTO `xadmin_log` VALUES (117, '2018-01-16 19:57:15.555147', '127.0.0.1', '13', '王子的宠爱甜心', 'create', '已添加。', 20, 1);
INSERT INTO `xadmin_log` VALUES (118, '2018-01-16 20:01:00.473789', '127.0.0.1', '14', '我的不良帝君', 'create', '已添加。', 20, 1);
INSERT INTO `xadmin_log` VALUES (119, '2018-01-16 22:02:15.747313', '127.0.0.1', '17', '王子的宠爱甜心3', 'change', '修改 novel_next 和 novel_tage', 20, 1);
INSERT INTO `xadmin_log` VALUES (120, '2018-01-17 00:15:02.111816', '127.0.0.1', '1', '小白读书', 'change', '修改 adUrl', 30, 1);
COMMIT;

-- ----------------------------
-- Table structure for xadmin_usersettings
-- ----------------------------
DROP TABLE IF EXISTS `xadmin_usersettings`;
CREATE TABLE `xadmin_usersettings` (
  `id` int(11) NOT NULL AUTO_INCREMENT,
  `key` varchar(256) COLLATE utf8_croatian_ci NOT NULL,
  `value` longtext COLLATE utf8_croatian_ci NOT NULL,
  `user_id` int(11) NOT NULL,
  PRIMARY KEY (`id`),
  KEY `xadmin_usersettings_user_id_edeabe4a_fk_users_userprofile_id` (`user_id`),
  CONSTRAINT `xadmin_usersettings_user_id_edeabe4a_fk_users_userprofile_id` FOREIGN KEY (`user_id`) REFERENCES `users_userprofile` (`id`)
) ENGINE=InnoDB AUTO_INCREMENT=3 DEFAULT CHARSET=utf8 COLLATE=utf8_croatian_ci;

-- ----------------------------
-- Records of xadmin_usersettings
-- ----------------------------
BEGIN;
INSERT INTO `xadmin_usersettings` VALUES (1, 'dashboard:home:pos', '', 1);
INSERT INTO `xadmin_usersettings` VALUES (2, 'site-theme', '/static/xadmin/css/themes/bootstrap-xadmin.css', 1);
COMMIT;

-- ----------------------------
-- Table structure for xadmin_userwidget
-- ----------------------------
DROP TABLE IF EXISTS `xadmin_userwidget`;
CREATE TABLE `xadmin_userwidget` (
  `id` int(11) NOT NULL AUTO_INCREMENT,
  `page_id` varchar(256) COLLATE utf8_croatian_ci NOT NULL,
  `widget_type` varchar(50) COLLATE utf8_croatian_ci NOT NULL,
  `value` longtext COLLATE utf8_croatian_ci NOT NULL,
  `user_id` int(11) NOT NULL,
  PRIMARY KEY (`id`),
  KEY `xadmin_userwidget_user_id_c159233a_fk_users_userprofile_id` (`user_id`),
  CONSTRAINT `xadmin_userwidget_user_id_c159233a_fk_users_userprofile_id` FOREIGN KEY (`user_id`) REFERENCES `users_userprofile` (`id`)
) ENGINE=InnoDB DEFAULT CHARSET=utf8 COLLATE=utf8_croatian_ci;

SET FOREIGN_KEY_CHECKS = 1;
